CCSDS_OMM_VERS,COMMENT,CREATION_DATE,ORIGINATOR,OBJECT_NAME,OBJECT_ID,CENTER_NAME,REF_FRAME,TIME_SYSTEM,MEAN_ELEMENT_THEORY,EPOCH,MEAN_MOTION,ECCENTRICITY,INCLINATION,RA_OF_ASC_NODE,ARG_OF_PERICENTER,MEAN_ANOMALY,EPHEMERIS_TYPE,CLASSIFICATION_TYPE,NORAD_CAT_ID,ELEMENT_SET_NO,REV_AT_EPOCH,BSTAR,MEAN_MOTION_DOT,MEAN_MOTION_DDOT,SEMIMAJOR_AXIS,PERIOD,APOAPSIS,PERIAPSIS,OBJECT_TYPE,RCS_SIZE,COUNTRY_CODE,LAUNCH_DATE,SITE,DECAY_DATE,FILE,GP_ID,TLE_LINE0,TLE_LINE1,TLE_LINE2
2.0,GENERATED VIA SPACE-TRACK.ORG API,2025-07-29T14:56:31,18 SPCS,ISS (ZARYA),1998-067A,EARTH,TEME,UTC,SGP4,2025-07-29T11:40:40.918080,15.50196064,0.00019450,51.6344,97.4197,130.2872,229.8287,0,U,25544,999,52172,0.00023083000000,0.00012831,0.0000000000000,6794.290,92.891,417.477,414.834,PAYLOAD,LARGE,ISS,1998-11-20,TTMTR,,4799475,293715550,0 ISS (ZARYA),1 25544U 98067A   25210.48658470  .00012831  00000-0  23083-3 0  9996,2 25544  51.6344  97.4197 0001945 130.2872 229.8287 15.50196064521726
2.0,GENERATED VIA SPACE-TRACK.ORG API,2025-07-29T18:09:25,18 SPCS,ISS (ZARYA),1998-067A,EARTH,TEME,UTC,SGP4,2025-07-29T11:40:40.918080,15.50196064,0.00019450,51.6344,97.4197,130.2872,229.8287,0,U,25544,999,52172,0.00023083000000,0.00012831,0.0000000000000,6794.290,92.891,417.477,414.834,PAYLOAD,LARGE,ISS,1998-11-20,TTMTR,,4799578,293723856,0 ISS (ZARYA),1 25544U 98067A   25210.48658470  .00012831  00000-0  23083-3 0  9996,2 25544  51.6344  97.4197 0001945 130.2872 229.8287 15.50196064521726
2.0,GENERATED VIA SPACE-TRACK.ORG API,2025-07-29T07:16:38,18 SPCS,ISS (ZARYA),1998-067A,EARTH,TEME,UTC,SGP4,2025-07-29T03:56:31.819488,15.50188201,0.00019210,51.6345,99.0171,128.7802,231.3359,0,U,25544,999,52167,0.00023438000000,0.00013032,0.0000000000000,6794.313,92.892,417.483,414.873,PAYLOAD,LARGE,ISS,1998-11-20,TTMTR,,4799233,293708649,0 ISS (ZARYA),1 25544U 98067A   25210.16425717  .00013032  00000-0  23438-3 0  9995,2 25544  51.6345  99.0171 0001921 128.7802 231.3359 15.50188201521672
2.0,GENERATED VIA SPACE-TRACK.ORG API,2025-07-28T22:56:17,18 SPCS,ISS (ZARYA),1998-067A,EARTH,TEME,UTC,SGP4,2025-07-28T20:12:22.570560,15.50179196,0.00019540,51.6345,100.6151,128.2115,231.9050,0,U,25544,999,52162,0.00022329000000,0.00012388,0.0000000000000,6794.339,92.892,417.532,414.877,PAYLOAD,LARGE,ISS,1998-11-20,TTMTR,,4798858,293699612,0 ISS (ZARYA),1 25544U 98067A   25209.84192790  .00012388  00000-0  22329-3 0  9991,2 25544  51.6345 100.6151 0001954 128.2115 231.9050 15.50179196521629
2.0,GENERATED VIA SPACE-TRACK.ORG API,2025-07-28T17:46:16,18 SPCS,ISS (ZARYA),1998-067A,EARTH,TEME,UTC,SGP4,2025-07-28T16:00:21.422304,15.50175539,0.00022510,51.6363,101.4799,122.9566,339.8304,0,U,25544,999,52159,0.00022393000000,0.00012424,0.0000000000000,6794.350,92.893,417.745,414.686,PAYLOAD,LARGE,ISS,1998-11-20,TTMTR,,4798611,293693544,0 ISS (ZARYA),1 25544U 98067A   25209.66691461  .00012424  00000-0  22393-3 0  9992,2 25544  51.6363 101.4799 0002251 122.9566 339.8304 15.50175539521591
2.0,GENERATED VIA SPACE-TRACK.ORG API,2025-07-28T14:16:17,18 SPCS,ISS (ZARYA),1998-067A,EARTH,TEME,UTC,SGP4,2025-07-28T12:43:57.745344,15.50167078,0.00022960,51.6365,102.1566,124.9672,296.1947,0,U,25544,999,52157,0.00018456000000,0.00010153,0.0000000000000,6794.375,92.893,417.800,414.680,PAYLOAD,LARGE,ISS,1998-11-20,TTMTR,,4798307,293655142,0 ISS (ZARYA),1 25544U 98067A   25209.53052946  .00010153  00000-0  18456-3 0  9999,2 25544  51.6365 102.1566 0002296 124.9672 296.1947 15.50167078521577
2.0,GENERATED VIA SPACE-TRACK.ORG API,2025-07-28T07:06:32,18 SPCS,ISS (ZARYA),1998-067A,EARTH,TEME,UTC,SGP4,2025-07-28T03:11:13.682400,15.50161265,0.00019920,51.6347,104.1294,125.2997,234.8178,0,U,25544,999,52151,0.00022036000000,0.00012211,0.0000000000000,6794.392,92.894,417.610,414.903,PAYLOAD,LARGE,ISS,1998-11-20,TTMTR,,4798246,293653956,0 ISS (ZARYA),1 25544U 98067A   25209.13279725  .00012211  00000-0  22036-3 0  9997,2 25544  51.6347 104.1294 0001992 125.2997 234.8178 15.50161265521514
2.0,GENERATED VIA SPACE-TRACK.ORG API,2025-07-27T23:06:19,18 SPCS,ISS (ZARYA),1998-067A,EARTH,TEME,UTC,SGP4,2025-07-27T19:27:03.955680,15.50154127,0.00019920,51.6345,105.7265,123.7631,236.3548,0,U,25544,999,52146,0.00023629000000,0.00013125,0.0000000000000,6794.413,92.894,417.631,414.924,PAYLOAD,LARGE,ISS,1998-11-20,TTMTR,,4797928,293616317,0 ISS (ZARYA),1 25544U 98067A   25208.81046245  .00013125  00000-0  23629-3 0  9994,2 25544  51.6345 105.7265 0001992 123.7631 236.3548 15.50154127521466
2.0,GENERATED VIA SPACE-TRACK.ORG API,2025-07-28T06:46:54,18 SPCS,ISS (ZARYA),1998-067A,EARTH,TEME,UTC,SGP4,2025-07-27T19:27:03.955680,15.50154127,0.00019920,51.6345,105.7265,123.7631,236.3548,0,U,25544,999,52146,0.00023629000000,0.00013125,0.0000000000000,6794.413,92.894,417.631,414.924,PAYLOAD,LARGE,ISS,1998-11-20,TTMTR,,4798160,293628024,0 ISS (ZARYA),1 25544U 98067A   25208.81046245  .00013125  00000-0  23629-3 0  9994,2 25544  51.6345 105.7265 0001992 123.7631 236.3548 15.50154127521466
2.0,GENERATED VIA SPACE-TRACK.ORG API,2025-07-27T15:16:17,18 SPCS,ISS (ZARYA),1998-067A,EARTH,TEME,UTC,SGP4,2025-07-27T10:10:04.110816,15.50142938,0.00019820,51.6346,107.6436,121.6825,238.4357,0,U,25544,999,52140,0.00022826000000,0.00012658,0.0000000000000,6794.445,92.895,417.657,414.964,PAYLOAD,LARGE,ISS,1998-11-20,TTMTR,,4797581,293576842,0 ISS (ZARYA),1 25544U 98067A   25208.42365869  .00012658  00000-0  22826-3 0  9995,2 25544  51.6346 107.6436 0001982 121.6825 238.4357 15.50142938521401
2.0,GENERATED VIA SPACE-TRACK.ORG API,2025-07-27T18:39:18,18 SPCS,ISS (ZARYA),1998-067A,EARTH,TEME,UTC,SGP4,2025-07-27T10:10:04.110816,15.50142938,0.00019820,51.6346,107.6436,121.6825,238.4357,0,U,25544,999,52140,0.00022826000000,0.00012658,0.0000000000000,6794.445,92.895,417.657,414.964,PAYLOAD,LARGE,ISS,1998-11-20,TTMTR,,4797645,293585066,0 ISS (ZARYA),1 25544U 98067A   25208.42365869  .00012658  00000-0  22826-3 0  9995,2 25544  51.6346 107.6436 0001982 121.6825 238.4357 15.50142938521401
2.0,GENERATED VIA SPACE-TRACK.ORG API,2025-07-27T07:06:30,18 SPCS,ISS (ZARYA),1998-067A,EARTH,TEME,UTC,SGP4,2025-07-27T03:58:44.083200,15.50135736,0.00019850,51.6347,108.9215,120.4338,239.6847,0,U,25544,999,52136,0.00022132000000,0.00012255,0.0000000000000,6794.466,92.895,417.680,414.983,PAYLOAD,LARGE,ISS,1998-11-20,TTMTR,,4797211,293567975,0 ISS (ZARYA),1 25544U 98067A   25208.16578800  .00012255  00000-0  22132-3 0  9990,2 25544  51.6347 108.9215 0001985 120.4338 239.6847 15.50135736521360
2.0,GENERATED VIA SPACE-TRACK.ORG API,2025-07-26T22:56:16,18 SPCS,ISS (ZARYA),1998-067A,EARTH,TEME,UTC,SGP4,2025-07-26T20:14:33.902016,15.50128866,0.00019980,51.6348,110.5189,119.2234,240.8955,0,U,25544,999,52131,0.00024705000000,0.00013732,0.0000000000000,6794.486,92.896,417.709,414.994,PAYLOAD,LARGE,ISS,1998-11-20,TTMTR,,4796867,293530107,0 ISS (ZARYA),1 25544U 98067A   25207.84344794  .00013732  00000-0  24705-3 0  9996,2 25544  51.6348 110.5189 0001998 119.2234 240.8955 15.50128866521310
2.0,GENERATED VIA SPACE-TRACK.ORG API,2025-07-27T03:23:05,18 SPCS,ISS (ZARYA),1998-067A,EARTH,TEME,UTC,SGP4,2025-07-26T20:14:33.902016,15.50128866,0.00019980,51.6348,110.5189,119.2234,240.8955,0,U,25544,999,52131,0.00024705000000,0.00013732,0.0000000000000,6794.486,92.896,417.709,414.994,PAYLOAD,LARGE,ISS,1998-11-20,TTMTR,,4796941,293537212,0 ISS (ZARYA),1 25544U 98067A   25207.84344794  .00013732  00000-0  24705-3 0  9996,2 25544  51.6348 110.5189 0001998 119.2234 240.8955 15.50128866521310
2.0,GENERATED VIA SPACE-TRACK.ORG API,2025-07-26T15:16:17,18 SPCS,ISS (ZARYA),1998-067A,EARTH,TEME,UTC,SGP4,2025-07-26T10:57:33.525792,15.50115304,0.00020010,51.6349,112.4361,117.5296,242.5896,0,U,25544,999,52125,0.00021808000000,0.00012060,0.0000000000000,6794.526,92.896,417.751,415.032,PAYLOAD,LARGE,ISS,1998-11-20,TTMTR,,4796568,293522591,0 ISS (ZARYA),1 25544U 98067A   25207.45663803  .00012060  00000-0  21808-3 0  9992,2 25544  51.6349 112.4361 0002001 117.5296 242.5896 15.50115304521258
2.0,GENERATED VIA SPACE-TRACK.ORG API,2025-07-26T07:16:30,18 SPCS,ISS (ZARYA),1998-067A,EARTH,TEME,UTC,SGP4,2025-07-26T03:13:22.989504,15.50106102,0.00020140,51.6350,114.0333,117.9284,242.1909,0,U,25544,999,52120,0.00021275000000,0.00011750,0.0000000000000,6794.553,92.897,417.786,415.050,PAYLOAD,LARGE,ISS,1998-11-20,TTMTR,,4796155,293512642,0 ISS (ZARYA),1 25544U 98067A   25207.13429386  .00011750  00000-0  21275-3 0  9996,2 25544  51.6350 114.0333 0002014 117.9284 242.1909 15.50106102521204
2.0,GENERATED VIA SPACE-TRACK.ORG API,2025-07-25T22:46:29,18 SPCS,ISS (ZARYA),1998-067A,EARTH,TEME,UTC,SGP4,2025-07-25T19:29:12.295968,15.50098341,0.00020390,51.6349,115.6307,116.0310,244.0889,0,U,25544,999,52115,0.00022419000000,0.00012404,0.0000000000000,6794.576,92.897,417.826,415.055,PAYLOAD,LARGE,ISS,1998-11-20,TTMTR,,4795791,293472780,0 ISS (ZARYA),1 25544U 98067A   25206.81194787  .00012404  00000-0  22419-3 0  9992,2 25544  51.6349 115.6307 0002039 116.0310 244.0889 15.50098341521154
2.0,GENERATED VIA SPACE-TRACK.ORG API,2025-07-26T05:22:54,18 SPCS,ISS (ZARYA),1998-067A,EARTH,TEME,UTC,SGP4,2025-07-25T19:29:12.295968,15.50098341,0.00020390,51.6349,115.6307,116.0310,244.0889,0,U,25544,999,52115,0.00022419000000,0.00012404,0.0000000000000,6794.576,92.897,417.826,415.055,PAYLOAD,LARGE,ISS,1998-11-20,TTMTR,,4795818,293479990,0 ISS (ZARYA),1 25544U 98067A   25206.81194787  .00012404  00000-0  22419-3 0  9992,2 25544  51.6349 115.6307 0002039 116.0310 244.0889 15.50098341521154
2.0,GENERATED VIA SPACE-TRACK.ORG API,2025-07-25T14:56:21,18 SPCS,ISS (ZARYA),1998-067A,EARTH,TEME,UTC,SGP4,2025-07-25T10:12:11.271744,15.50086892,0.00020530,51.6348,117.5476,115.0064,245.1138,0,U,25544,999,52109,0.00022104000000,0.00012218,0.0000000000000,6794.609,92.898,417.869,415.079,PAYLOAD,LARGE,ISS,1998-11-20,TTMTR,,4795546,293437373,0 ISS (ZARYA),1 25544U 98067A   25206.42513046  .00012218  00000-0  22104-3 0  9996,2 25544  51.6348 117.5476 0002053 115.0064 245.1138 15.50086892521092
2.0,GENERATED VIA SPACE-TRACK.ORG API,2025-07-25T18:59:22,18 SPCS,ISS (ZARYA),1998-067A,EARTH,TEME,UTC,SGP4,2025-07-25T10:12:11.271744,15.50086892,0.00020530,51.6348,117.5476,115.0064,245.1138,0,U,25544,999,52109,0.00022104000000,0.00012218,0.0000000000000,6794.609,92.898,417.869,415.079,PAYLOAD,LARGE,ISS,1998-11-20,TTMTR,,4795625,293445043,0 ISS (ZARYA),1 25544U 98067A   25206.42513046  .00012218  00000-0  22104-3 0  9996,2 25544  51.6348 117.5476 0002053 115.0064 245.1138 15.50086892521092
2.0,GENERATED VIA SPACE-TRACK.ORG API,2025-07-25T07:06:45,18 SPCS,ISS (ZARYA),1998-067A,EARTH,TEME,UTC,SGP4,2025-07-25T04:00:50.445792,15.50079803,0.00020560,51.6348,118.8254,114.0852,246.0352,0,U,25544,999,52105,0.00021923000000,0.00012111,0.0000000000000,6794.630,92.898,417.892,415.098,PAYLOAD,LARGE,ISS,1998-11-20,TTMTR,,4795256,293430348,0 ISS (ZARYA),1 25544U 98067A   25206.16725053  .00012111  00000-0  21923-3 0  9990,2 25544  51.6348 118.8254 0002056 114.0852 246.0352 15.50079803521055
2.0,GENERATED VIA SPACE-TRACK.ORG API,2025-07-25T02:46:15,18 SPCS,ISS (ZARYA),1998-067A,EARTH,TEME,UTC,SGP4,2025-07-25T01:46:04.999872,15.50075105,0.00021080,51.6365,119.2875,110.3669,87.1931,0,U,25544,999,52103,0.00018772000000,0.00010300,0.0000000000000,6794.644,92.899,417.941,415.076,PAYLOAD,LARGE,ISS,1998-11-20,TTMTR,,4794956,293422733,0 ISS (ZARYA),1 25544U 98067A   25206.07366898  .00010300  00000-0  18772-3 0  9994,2 25544  51.6365 119.2875 0002108 110.3669  87.1931 15.50075105521037
2.0,GENERATED VIA SPACE-TRACK.ORG API,2025-07-25T02:16:16,18 SPCS,ISS (ZARYA),1998-067A,EARTH,TEME,UTC,SGP4,2025-07-25T01:46:04.999872,15.50066657,0.00023140,51.6359,119.2865,115.2752,82.2821,0,U,25544,999,52103,0.00005842100000,0.00002888,0.0000000000000,6794.668,92.899,418.106,414.961,PAYLOAD,LARGE,ISS,1998-11-20,TTMTR,,4794955,293422732,0 ISS (ZARYA),1 25544U 98067A   25206.07366898  .00002888  00000-0  58421-4 0  9992,2 25544  51.6359 119.2865 0002314 115.2752  82.2821 15.50066657521031
2.0,GENERATED VIA SPACE-TRACK.ORG API,2025-07-24T21:36:29,18 SPCS,ISS (ZARYA),1998-067A,EARTH,TEME,UTC,SGP4,2025-07-24T20:44:35.754144,15.50076300,0.00023840,51.6365,120.3226,116.0513,352.4252,0,U,25544,999,52100,0.00027019000000,0.00015035,0.0000000000000,6794.640,92.899,418.125,414.885,PAYLOAD,LARGE,ISS,1998-11-20,TTMTR,,4794705,293385831,0 ISS (ZARYA),1 25544U 98067A   25205.86430271  .00015035  00000-0  27019-3 0  9991,2 25544  51.6365 120.3226 0002384 116.0513 352.4252 15.50076300521006
2.0,GENERATED VIA SPACE-TRACK.ORG API,2025-07-25T02:04:33,18 SPCS,ISS (ZARYA),1998-067A,EARTH,TEME,UTC,SGP4,2025-07-24T20:16:39.270144,15.50072701,0.00020640,51.6347,120.4226,112.9750,247.1457,0,U,25544,999,52100,0.00024538000000,0.00013608,0.0000000000000,6794.651,92.899,417.918,415.113,PAYLOAD,LARGE,ISS,1998-11-20,TTMTR,,4794954,293399094,0 ISS (ZARYA),1 25544U 98067A   25205.84489896  .00013608  00000-0  24538-3 0  9993,2 25544  51.6347 120.4226 0002064 112.9750 247.1457 15.50072701521008
2.0,GENERATED VIA SPACE-TRACK.ORG API,2025-07-24T22:06:17,18 SPCS,ISS (ZARYA),1998-067A,EARTH,TEME,UTC,SGP4,2025-07-24T06:49:01.436160,15.50057991,0.00024510,51.6343,123.2017,114.2122,354.1397,0,U,25544,999,52091,0.00027083000000,0.00015062,0.0000000000000,6794.694,92.900,418.224,414.893,PAYLOAD,LARGE,ISS,1998-11-20,TTMTR,,4794847,293390293,0 ISS (ZARYA),1 25544U 98067A   25205.28404440  .00015062  00000-0  27083-3 0  9997,2 25544  51.6343 123.2017 0002451 114.2122 354.1397 15.50057991520916
2.0,GENERATED VIA SPACE-TRACK.ORG API,2025-07-24T19:51:41,18 SPCS,ISS (ZARYA),1998-067A,EARTH,TEME,UTC,SGP4,2025-07-24T06:49:01.436160,15.50057991,0.00024510,51.6343,123.2017,114.2122,354.1397,0,U,25544,999,52091,0.00027083000000,0.00015062,0.0000000000000,6794.694,92.900,418.224,414.893,PAYLOAD,LARGE,ISS,1998-11-20,TTMTR,,4794401,293355290,0 ISS (ZARYA),1 25544U 98067A   25205.28404440  .00015062  00000-0  27083-3 0  9997,2 25544  51.6343 123.2017 0002451 114.2122 354.1397 15.50057991520916
2.0,GENERATED VIA SPACE-TRACK.ORG API,2025-07-23T21:16:36,18 SPCS,ISS (ZARYA),1998-067A,EARTH,TEME,UTC,SGP4,2025-07-23T19:45:44.447904,15.50035709,0.00023590,51.6344,125.4774,111.9505,304.3927,0,U,25544,999,52084,0.00016581000000,0.00009030,0.0000000000000,6794.759,92.901,418.227,415.021,PAYLOAD,LARGE,ISS,1998-11-20,TTMTR,,4793797,293304420,0 ISS (ZARYA),1 25544U 98067A   25204.82343111  .00009030  00000-0  16581-3 0  9992,2 25544  51.6344 125.4774 0002359 111.9505 304.3927 15.50035709520848
2.0,GENERATED VIA SPACE-TRACK.ORG API,2025-07-23T13:36:29,18 SPCS,ISS (ZARYA),1998-067A,EARTH,TEME,UTC,SGP4,2025-07-23T06:00:41.129856,15.50024026,0.00023450,51.6351,128.3174,109.2368,347.8357,0,U,25544,999,52075,0.00016419000000,0.00008934,0.0000000000000,6794.793,92.902,418.251,415.064,PAYLOAD,LARGE,ISS,1998-11-20,TTMTR,,4793355,293264230,0 ISS (ZARYA),1 25544U 98067A   25204.25047604  .00008934  00000-0  16419-3 0  9999,2 25544  51.6351 128.3174 0002345 109.2368 347.8357 15.50024026520753
2.0,GENERATED VIA SPACE-TRACK.ORG API,2025-07-23T07:06:31,18 SPCS,ISS (ZARYA),1998-067A,EARTH,TEME,UTC,SGP4,2025-07-23T04:02:50.578944,15.50025731,0.00021150,51.6344,128.7280,106.2807,253.8414,0,U,25544,999,52074,0.00019544000000,0.00010724,0.0000000000000,6794.788,92.902,418.090,415.216,PAYLOAD,LARGE,ISS,1998-11-20,TTMTR,,4793301,293262994,0 ISS (ZARYA),1 25544U 98067A   25204.16864096  .00010724  00000-0  19544-3 0  9993,2 25544  51.6344 128.7280 0002115 106.2807 253.8414 15.50025731520740
2.0,GENERATED VIA SPACE-TRACK.ORG API,2025-07-22T21:06:28,18 SPCS,ISS (ZARYA),1998-067A,EARTH,TEME,UTC,SGP4,2025-07-22T20:37:34.924800,15.50013182,0.00023790,51.6350,130.2539,110.1784,323.3914,0,U,25544,999,52069,0.00014768000000,0.00007986,0.0000000000000,6794.825,92.902,418.306,415.073,PAYLOAD,LARGE,ISS,1998-11-20,TTMTR,,4792761,293249860,0 ISS (ZARYA),1 25544U 98067A   25203.85943200  .00007986  00000-0  14768-3 0  9992,2 25544  51.6350 130.2539 0002379 110.1784 323.3914 15.50013182520691
2.0,GENERATED VIA SPACE-TRACK.ORG API,2025-07-22T18:16:33,18 SPCS,ISS (ZARYA),1998-067A,EARTH,TEME,UTC,SGP4,2025-07-22T17:34:40.084896,15.50017352,0.00020810,51.6353,130.8857,97.6914,346.6167,0,U,25544,999,52067,0.00019082000000,0.00010456,0.0000000000000,6794.812,92.902,418.091,415.263,PAYLOAD,LARGE,ISS,1998-11-20,TTMTR,,4792758,293249819,0 ISS (ZARYA),1 25544U 98067A   25203.73240839  .00010456  00000-0  19082-3 0  9997,2 25544  51.6353 130.8857 0002081  97.6914 346.6167 15.50017352520676
2.0,GENERATED VIA SPACE-TRACK.ORG API,2025-07-22T13:26:16,18 SPCS,ISS (ZARYA),1998-067A,EARTH,TEME,UTC,SGP4,2025-07-22T06:49:03.601344,15.50001703,0.00026400,51.6349,133.1037,116.9619,343.9417,0,U,25544,999,52060,0.00014281000000,0.00007704,0.0000000000000,6794.858,92.903,418.517,414.929,PAYLOAD,LARGE,ISS,1998-11-20,TTMTR,,4792427,293211187,0 ISS (ZARYA),1 25544U 98067A   25203.28406946  .00007704  00000-0  14281-3 0  9998,2 25544  51.6349 133.1037 0002640 116.9619 343.9417 15.50001703520609
2.0,GENERATED VIA SPACE-TRACK.ORG API,2025-07-22T17:58:09,18 SPCS,ISS (ZARYA),1998-067A,EARTH,TEME,UTC,SGP4,2025-07-22T06:23:04.197984,15.50004651,0.00021730,51.6339,133.1999,103.8590,256.2641,0,U,25544,999,52060,0.00016288000000,0.00008853,0.0000000000000,6794.849,92.903,418.191,415.238,PAYLOAD,LARGE,ISS,1998-11-20,TTMTR,,4792757,293225760,0 ISS (ZARYA),1 25544U 98067A   25203.26602081  .00008853  00000-0  16288-3 0  9999,2 25544  51.6339 133.1999 0002173 103.8590 256.2641 15.50004651520609
2.0,GENERATED VIA SPACE-TRACK.ORG API,2025-07-22T12:56:16,18 SPCS,ISS (ZARYA),1998-067A,EARTH,TEME,UTC,SGP4,2025-07-22T06:23:04.197120,15.50004268,0.00021920,51.6339,133.2000,103.7528,256.3705,0,U,25544,999,52060,0.00015783000000,0.00008563,0.0000000000000,6794.851,92.903,418.205,415.226,PAYLOAD,LARGE,ISS,1998-11-20,TTMTR,,4792425,293211184,0 ISS (ZARYA),1 25544U 98067A   25203.26602080  .00008563  00000-0  15783-3 0  9995,2 25544  51.6339 133.2000 0002192 103.7528 256.3705 15.50004268520600
2.0,GENERATED VIA SPACE-TRACK.ORG API,2025-07-22T07:06:47,18 SPCS,ISS (ZARYA),1998-067A,EARTH,TEME,UTC,SGP4,2025-07-22T03:17:23.197056,15.50001978,0.00021840,51.6338,133.8388,103.1633,256.9600,0,U,25544,999,52058,0.00015929000000,0.00008646,0.0000000000000,6794.857,92.903,418.206,415.238,PAYLOAD,LARGE,ISS,1998-11-20,TTMTR,,4792365,293209625,0 ISS (ZARYA),1 25544U 98067A   25203.13707404  .00008646  00000-0  15929-3 0  9991,2 25544  51.6338 133.8388 0002184 103.1633 256.9600 15.50001978520588
2.0,GENERATED VIA SPACE-TRACK.ORG API,2025-07-21T21:16:27,18 SPCS,ISS (ZARYA),1998-067A,EARTH,TEME,UTC,SGP4,2025-07-21T19:56:30.831360,15.49992771,0.00023530,51.6344,135.3507,107.1014,343.5068,0,U,25544,999,52053,0.00013725000000,0.00007383,0.0000000000000,6794.884,92.904,418.348,415.150,PAYLOAD,LARGE,ISS,1998-11-20,TTMTR,,4791736,293163889,0 ISS (ZARYA),1 25544U 98067A   25202.83091240  .00007383  00000-0  13725-3 0  9990,2 25544  51.6344 135.3507 0002353 107.1014 343.5068 15.49992771520534
2.0,GENERATED VIA SPACE-TRACK.ORG API,2025-07-22T02:55:53,18 SPCS,ISS (ZARYA),1998-067A,EARTH,TEME,UTC,SGP4,2025-07-21T19:33:10.634688,15.49996086,0.00021950,51.6337,135.4359,102.5323,257.5912,0,U,25544,999,52053,0.00015957000000,0.00008660,0.0000000000000,6794.875,92.903,418.231,415.248,PAYLOAD,LARGE,ISS,1998-11-20,TTMTR,,4792098,293179597,0 ISS (ZARYA),1 25544U 98067A   25202.81470642  .00008660  00000-0  15957-3 0  9993,2 25544  51.6337 135.4359 0002195 102.5323 257.5912 15.49996086520533
2.0,GENERATED VIA SPACE-TRACK.ORG API,2025-07-21T18:46:16,18 SPCS,ISS (ZARYA),1998-067A,EARTH,TEME,UTC,SGP4,2025-07-21T15:09:55.214784,15.49989292,0.00023630,51.6344,136.3369,106.2254,313.1028,0,U,25544,999,52050,0.00013628000000,0.00007327,0.0000000000000,6794.894,92.904,418.365,415.154,PAYLOAD,LARGE,ISS,1998-11-20,TTMTR,,4791727,293163843,0 ISS (ZARYA),1 25544U 98067A   25202.63188906  .00007327  00000-0  13628-3 0  9994,2 25544  51.6344 136.3369 0002363 106.2254 313.1028 15.49989292520508
2.0,GENERATED VIA SPACE-TRACK.ORG API,2025-07-21T13:46:20,18 SPCS,ISS (ZARYA),1998-067A,EARTH,TEME,UTC,SGP4,2025-07-21T07:37:13.444608,15.49987077,0.00025350,51.6344,137.8967,105.6905,358.2995,0,U,25544,999,52045,0.00015302000000,0.00008283,0.0000000000000,6794.901,92.904,418.488,415.043,PAYLOAD,LARGE,ISS,1998-11-20,TTMTR,,4791450,293126580,0 ISS (ZARYA),1 25544U 98067A   25202.31751672  .00008283  00000-0  15302-3 0  9998,2 25544  51.6344 137.8967 0002535 105.6905 358.2995 15.49987077520451
2.0,GENERATED VIA SPACE-TRACK.ORG API,2025-07-21T18:25:45,18 SPCS,ISS (ZARYA),1998-067A,EARTH,TEME,UTC,SGP4,2025-07-21T07:10:26.331168,15.49985468,0.00022080,51.6336,137.9914,100.8201,259.3037,0,U,25544,999,52045,0.00015029000000,0.00008127,0.0000000000000,6794.906,92.904,418.271,415.270,PAYLOAD,LARGE,ISS,1998-11-20,TTMTR,,4791724,293139449,0 ISS (ZARYA),1 25544U 98067A   25202.29891587  .00008127  00000-0  15029-3 0  9998,2 25544  51.6336 137.9914 0002208 100.8201 259.3037 15.49985468520458
2.0,GENERATED VIA SPACE-TRACK.ORG API,2025-07-21T07:06:49,18 SPCS,ISS (ZARYA),1998-067A,EARTH,TEME,UTC,SGP4,2025-07-21T04:04:45.197184,15.49983035,0.00021980,51.6337,138.6304,100.2424,259.8813,0,U,25544,999,52043,0.00014772000000,0.00007979,0.0000000000000,6794.913,92.904,418.271,415.284,PAYLOAD,LARGE,ISS,1998-11-20,TTMTR,,4791396,293125229,0 ISS (ZARYA),1 25544U 98067A   25202.16996756  .00007979  00000-0  14772-3 0  9996,2 25544  51.6337 138.6304 0002198 100.2424 259.8813 15.49983035520432
2.0,GENERATED VIA SPACE-TRACK.ORG API,2025-07-20T23:06:22,18 SPCS,ISS (ZARYA),1998-067A,EARTH,TEME,UTC,SGP4,2025-07-20T20:20:32.290080,15.49977817,0.00021870,51.6338,140.2277,99.1799,260.9438,0,U,25544,999,52038,0.00014663000000,0.00007915,0.0000000000000,6794.928,92.905,418.279,415.307,PAYLOAD,LARGE,ISS,1998-11-20,TTMTR,,4791079,293086699,0 ISS (ZARYA),1 25544U 98067A   25201.84759595  .00007915  00000-0  14663-3 0  9997,2 25544  51.6338 140.2277 0002187  99.1799 260.9438 15.49977817520381
2.0,GENERATED VIA SPACE-TRACK.ORG API,2025-07-21T05:22:01,18 SPCS,ISS (ZARYA),1998-067A,EARTH,TEME,UTC,SGP4,2025-07-20T20:20:32.290080,15.49977817,0.00021870,51.6338,140.2277,99.1799,260.9438,0,U,25544,999,52038,0.00014663000000,0.00007915,0.0000000000000,6794.928,92.905,418.279,415.307,PAYLOAD,LARGE,ISS,1998-11-20,TTMTR,,4791124,293094414,0 ISS (ZARYA),1 25544U 98067A   25201.84759595  .00007915  00000-0  14663-3 0  9997,2 25544  51.6338 140.2277 0002187  99.1799 260.9438 15.49977817520381
2.0,GENERATED VIA SPACE-TRACK.ORG API,2025-07-20T15:16:17,18 SPCS,ISS (ZARYA),1998-067A,EARTH,TEME,UTC,SGP4,2025-07-20T06:24:56.812608,15.49967702,0.00021980,51.6337,143.1027,97.0892,263.0347,0,U,25544,999,52029,0.00013592000000,0.00007301,0.0000000000000,6794.957,92.905,418.316,415.329,PAYLOAD,LARGE,ISS,1998-11-20,TTMTR,,4790718,293047605,0 ISS (ZARYA),1 25544U 98067A   25201.26732422  .00007301  00000-0  13592-3 0  9992,2 25544  51.6337 143.1027 0002198  97.0892 263.0347 15.49967702520293
2.0,GENERATED VIA SPACE-TRACK.ORG API,2025-07-20T17:14:18,18 SPCS,ISS (ZARYA),1998-067A,EARTH,TEME,UTC,SGP4,2025-07-20T06:24:56.812608,15.49967702,0.00021980,51.6337,143.1027,97.0892,263.0347,0,U,25544,999,52029,0.00013592000000,0.00007301,0.0000000000000,6794.957,92.905,418.316,415.329,PAYLOAD,LARGE,ISS,1998-11-20,TTMTR,,4790804,293056425,0 ISS (ZARYA),1 25544U 98067A   25201.26732422  .00007301  00000-0  13592-3 0  9992,2 25544  51.6337 143.1027 0002198  97.0892 263.0347 15.49967702520293
2.0,GENERATED VIA SPACE-TRACK.ORG API,2025-07-20T06:46:17,18 SPCS,ISS (ZARYA),1998-067A,EARTH,TEME,UTC,SGP4,2025-07-20T04:52:06.181248,15.49966786,0.00021990,51.6337,143.4222,96.8401,263.2838,0,U,25544,999,52028,0.00013625000000,0.00007319,0.0000000000000,6794.960,92.905,418.319,415.331,PAYLOAD,LARGE,ISS,1998-11-20,TTMTR,,4790336,293038209,0 ISS (ZARYA),1 25544U 98067A   25201.20284932  .00007319  00000-0  13625-3 0  9990,2 25544  51.6337 143.4222 0002199  96.8401 263.2838 15.49966786520284
2.0,GENERATED VIA SPACE-TRACK.ORG API,2025-07-19T22:56:16,18 SPCS,ISS (ZARYA),1998-067A,EARTH,TEME,UTC,SGP4,2025-07-19T21:07:52.982976,15.49961694,0.00022010,51.6336,145.0193,95.9395,264.1844,0,U,25544,999,52023,0.00013148000000,0.00007045,0.0000000000000,6794.975,92.906,418.336,415.344,PAYLOAD,LARGE,ISS,1998-11-20,TTMTR,,4790111,293002731,0 ISS (ZARYA),1 25544U 98067A   25200.88047434  .00007045  00000-0  13148-3 0  9993,2 25544  51.6336 145.0193 0002201  95.9395 264.1844 15.49961694520239
2.0,GENERATED VIA SPACE-TRACK.ORG API,2025-07-20T01:55:49,18 SPCS,ISS (ZARYA),1998-067A,EARTH,TEME,UTC,SGP4,2025-07-19T21:07:52.982976,15.49961694,0.00022010,51.6336,145.0193,95.9395,264.1844,0,U,25544,999,52023,0.00013148000000,0.00007045,0.0000000000000,6794.975,92.906,418.336,415.344,PAYLOAD,LARGE,ISS,1998-11-20,TTMTR,,4790181,293010618,0 ISS (ZARYA),1 25544U 98067A   25200.88047434  .00007045  00000-0  13148-3 0  9993,2 25544  51.6336 145.0193 0002201  95.9395 264.1844 15.49961694520239
2.0,GENERATED VIA SPACE-TRACK.ORG API,2025-07-19T15:06:41,18 SPCS,ISS (ZARYA),1998-067A,EARTH,TEME,UTC,SGP4,2025-07-19T08:45:07.704864,15.49951966,0.00022100,51.6335,147.5750,94.1080,266.0162,0,U,25544,999,52015,0.00011241000000,0.00005955,0.0000000000000,6795.003,92.906,418.370,415.367,PAYLOAD,LARGE,ISS,1998-11-20,TTMTR,,4789816,292964951,0 ISS (ZARYA),1 25544U 98067A   25200.36467251  .00005955  00000-0  11241-3 0  9999,2 25544  51.6335 147.5750 0002210  94.1080 266.0162 15.49951966520152
2.0,GENERATED VIA SPACE-TRACK.ORG API,2025-07-19T18:16:43,18 SPCS,ISS (ZARYA),1998-067A,EARTH,TEME,UTC,SGP4,2025-07-19T08:45:07.704864,15.49951966,0.00022100,51.6335,147.5750,94.1080,266.0162,0,U,25544,999,52015,0.00011241000000,0.00005955,0.0000000000000,6795.003,92.906,418.370,415.367,PAYLOAD,LARGE,ISS,1998-11-20,TTMTR,,4789892,292973217,0 ISS (ZARYA),1 25544U 98067A   25200.36467251  .00005955  00000-0  11241-3 0  9999,2 25544  51.6335 147.5750 0002210  94.1080 266.0162 15.49951966520152
2.0,GENERATED VIA SPACE-TRACK.ORG API,2025-07-19T07:06:41,18 SPCS,ISS (ZARYA),1998-067A,EARTH,TEME,UTC,SGP4,2025-07-19T04:06:35.633664,15.49949392,0.00022040,51.6335,148.5331,94.5231,265.6010,0,U,25544,999,52012,0.00011590000000,0.00006153,0.0000000000000,6795.011,92.906,418.374,415.378,PAYLOAD,LARGE,ISS,1998-11-20,TTMTR,,4789435,292956102,0 ISS (ZARYA),1 25544U 98067A   25200.17124576  .00006153  00000-0  11590-3 0  9996,2 25544  51.6335 148.5331 0002204  94.5231 265.6010 15.49949392520127
2.0,GENERATED VIA SPACE-TRACK.ORG API,2025-07-18T22:56:26,18 SPCS,ISS (ZARYA),1998-067A,EARTH,TEME,UTC,SGP4,2025-07-18T20:22:22.154592,15.49945849,0.00022280,51.6335,150.1303,93.4332,266.6912,0,U,25544,999,52007,0.00013184000000,0.00007062,0.0000000000000,6795.021,92.906,418.400,415.372,PAYLOAD,LARGE,ISS,1998-11-20,TTMTR,,4789106,292917885,0 ISS (ZARYA),1 25544U 98067A   25199.84886753  .00007062  00000-0  13184-3 0  9990,2 25544  51.6335 150.1303 0002228  93.4332 266.6912 15.49945849520070
2.0,GENERATED VIA SPACE-TRACK.ORG API,2025-07-19T02:59:01,18 SPCS,ISS (ZARYA),1998-067A,EARTH,TEME,UTC,SGP4,2025-07-18T20:22:22.154592,15.49945849,0.00022280,51.6335,150.1303,93.4332,266.6912,0,U,25544,999,52007,0.00013184000000,0.00007062,0.0000000000000,6795.021,92.906,418.400,415.372,PAYLOAD,LARGE,ISS,1998-11-20,TTMTR,,4789185,292925688,0 ISS (ZARYA),1 25544U 98067A   25199.84886753  .00007062  00000-0  13184-3 0  9990,2 25544  51.6335 150.1303 0002228  93.4332 266.6912 15.49945849520070
2.0,GENERATED VIA SPACE-TRACK.ORG API,2025-07-18T15:06:18,18 SPCS,ISS (ZARYA),1998-067A,EARTH,TEME,UTC,SGP4,2025-07-18T07:59:36.428064,15.49936261,0.00022450,51.6335,152.6859,92.2580,267.8666,0,U,25544,999,51999,0.00012289000000,0.00006549,0.0000000000000,6795.049,92.907,418.440,415.389,PAYLOAD,LARGE,ISS,1998-11-20,TTMTR,,4788785,292880636,0 ISS (ZARYA),1 25544U 98067A   25199.33306051  .00006549  00000-0  12289-3 0  9996,2 25544  51.6335 152.6859 0002245  92.2580 267.8666 15.49936261519990
2.0,GENERATED VIA SPACE-TRACK.ORG API,2025-07-18T17:36:17,18 SPCS,ISS (ZARYA),1998-067A,EARTH,TEME,UTC,SGP4,2025-07-18T07:59:36.428064,15.49936261,0.00022450,51.6335,152.6859,92.2580,267.8666,0,U,25544,999,51999,0.00012289000000,0.00006549,0.0000000000000,6795.049,92.907,418.440,415.389,PAYLOAD,LARGE,ISS,1998-11-20,TTMTR,,4788870,292888606,0 ISS (ZARYA),1 25544U 98067A   25199.33306051  .00006549  00000-0  12289-3 0  9996,2 25544  51.6335 152.6859 0002245  92.2580 267.8666 15.49936261519990
2.0,GENERATED VIA SPACE-TRACK.ORG API,2025-07-18T07:16:31,18 SPCS,ISS (ZARYA),1998-067A,EARTH,TEME,UTC,SGP4,2025-07-18T04:53:54.935520,15.49935069,0.00022390,51.6336,153.3248,91.7860,268.3385,0,U,25544,999,51997,0.00013123000000,0.00007024,0.0000000000000,6795.053,92.907,418.439,415.396,PAYLOAD,LARGE,ISS,1998-11-20,TTMTR,,4788424,292872176,0 ISS (ZARYA),1 25544U 98067A   25199.20410805  .00007024  00000-0  13123-3 0  9992,2 25544  51.6336 153.3248 0002239  91.7860 268.3385 15.49935069519976
2.0,GENERATED VIA SPACE-TRACK.ORG API,2025-07-17T21:46:44,18 SPCS,ISS (ZARYA),1998-067A,EARTH,TEME,UTC,SGP4,2025-07-17T21:17:44.257056,15.49933775,0.00022690,51.6349,154.8881,90.8972,300.4545,0,U,25544,999,51992,0.00014626000000,0.00007881,0.0000000000000,6795.057,92.907,418.463,415.380,PAYLOAD,LARGE,ISS,1998-11-20,TTMTR,,4788001,292831649,0 ISS (ZARYA),1 25544U 98067A   25198.88731779  .00007881  00000-0  14626-3 0  9991,2 25544  51.6349 154.8881 0002269  90.8972 300.4545 15.49933775519929
2.0,GENERATED VIA SPACE-TRACK.ORG API,2025-07-17T20:46:31,18 SPCS,ISS (ZARYA),1998-067A,EARTH,TEME,UTC,SGP4,2025-07-17T18:03:59.633856,15.49927767,0.00021620,51.6335,155.5605,93.1138,267.0098,0,U,25544,999,51990,0.00012824000000,0.00006852,0.0000000000000,6795.074,92.908,418.408,415.470,PAYLOAD,LARGE,ISS,1998-11-20,TTMTR,,4787923,292830237,0 ISS (ZARYA),1 25544U 98067A   25198.75277354  .00006852  00000-0  12824-3 0  9996,2 25544  51.6335 155.5605 0002162  93.1138 267.0098 15.49927767519901
2.0,GENERATED VIA SPACE-TRACK.ORG API,2025-07-17T16:16:19,18 SPCS,ISS (ZARYA),1998-067A,EARTH,TEME,UTC,SGP4,2025-07-17T10:42:19.107936,15.49949622,0.00023780,51.6343,157.0763,91.0646,356.5322,0,U,25544,999,51985,0.00071211000000,0.00040320,0.0000000000000,6795.010,92.906,418.491,415.259,PAYLOAD,LARGE,ISS,1998-11-20,TTMTR,,4787628,292791865,0 ISS (ZARYA),1 25544U 98067A   25198.44605449  .00040320  00000-0  71211-3 0  9995,2 25544  51.6343 157.0763 0002378  91.0646 356.5322 15.49949622519854
2.0,GENERATED VIA SPACE-TRACK.ORG API,2025-07-17T17:14:11,18 SPCS,ISS (ZARYA),1998-067A,EARTH,TEME,UTC,SGP4,2025-07-17T10:19:45.767712,15.49923845,0.00022730,51.6338,157.1576,88.8960,271.2290,0,U,25544,999,51985,0.00014395000000,0.00007747,0.0000000000000,6795.086,92.908,418.495,415.406,PAYLOAD,LARGE,ISS,1998-11-20,TTMTR,,4787632,292798964,0 ISS (ZARYA),1 25544U 98067A   25198.43039083  .00007747  00000-0  14395-3 0  9995,2 25544  51.6338 157.1576 0002273  88.8960 271.2290 15.49923845519854
2.0,GENERATED VIA SPACE-TRACK.ORG API,2025-07-17T07:06:41,18 SPCS,ISS (ZARYA),1998-067A,EARTH,TEME,UTC,SGP4,2025-07-17T05:41:13.396704,15.49919983,0.00022740,51.6342,158.1162,87.0874,273.0375,0,U,25544,999,51982,0.00011182000000,0.00005914,0.0000000000000,6795.097,92.908,418.507,415.417,PAYLOAD,LARGE,ISS,1998-11-20,TTMTR,,4787573,292790435,0 ISS (ZARYA),1 25544U 98067A   25198.23696061  .00005914  00000-0  11182-3 0  9993,2 25544  51.6342 158.1162 0002274  87.0874 273.0375 15.49919983519826
2.0,GENERATED VIA SPACE-TRACK.ORG API,2025-07-16T18:36:18,18 SPCS,ISS (ZARYA),1998-067A,EARTH,TEME,UTC,SGP4,2025-07-16T17:34:25.453920,15.50574159,0.00028440,51.6367,160.6113,25.5140,36.8267,0,U,25544,999,51974,0.00011952000000,0.00006509,0.0000000000000,6793.186,92.869,416.983,413.119,PAYLOAD,LARGE,ISS,1998-11-20,TTMTR,,4786967,292746053,0 ISS (ZARYA),1 25544U 98067A   25197.73223905  .00006509  00000-0  11952-3 0  9996,2 25544  51.6367 160.6113 0002844  25.5140  36.8267 15.50574159519743
2.0,GENERATED VIA SPACE-TRACK.ORG API,2025-07-16T14:16:17,18 SPCS,ISS (ZARYA),1998-067A,EARTH,TEME,UTC,SGP4,2025-07-16T10:11:19.243392,15.50569998,0.00028250,51.6363,162.1382,24.9428,118.6020,0,U,25544,999,51969,0.00012064000000,0.00006573,0.0000000000000,6793.198,92.869,416.982,413.144,PAYLOAD,LARGE,ISS,1998-11-20,TTMTR,,4786624,292706788,0 ISS (ZARYA),1 25544U 98067A   25197.42452828  .00006573  00000-0  12064-3 0  9996,2 25544  51.6363 162.1382 0002825  24.9428 118.6020 15.50569998519690
2.0,GENERATED VIA SPACE-TRACK.ORG API,2025-07-16T07:07:00,18 SPCS,ISS (ZARYA),1998-067A,EARTH,TEME,UTC,SGP4,2025-07-16T04:55:55.186176,15.50566696,0.00026910,51.6345,163.2275,16.9970,343.1109,0,U,25544,999,51966,0.00011690000000,0.00006354,0.0000000000000,6793.207,92.869,416.900,413.244,PAYLOAD,LARGE,ISS,1998-11-20,TTMTR,,4786565,292705720,0 ISS (ZARYA),1 25544U 98067A   25197.20549984  .00006354  00000-0  11690-3 0  9993,2 25544  51.6345 163.2275 0002691  16.9970 343.1109 15.50566696519669
2.0,GENERATED VIA SPACE-TRACK.ORG API,2025-07-16T05:06:16,18 SPCS,ISS (ZARYA),1998-067A,EARTH,TEME,UTC,SGP4,2025-07-16T04:09:47.999808,15.50572213,0.00027200,51.6359,163.3798,24.4643,156.7567,0,U,25544,999,51965,0.00016381000000,0.00009093,0.0000000000000,6793.191,92.869,416.904,413.209,PAYLOAD,LARGE,ISS,1998-11-20,TTMTR,,4786316,292699976,0 ISS (ZARYA),1 25544U 98067A   25197.17347222  .00009093  00000-0  16381-3 0  9995,2 25544  51.6359 163.3798 0002720  24.4643 156.7567 15.50572213519656
2.0,GENERATED VIA SPACE-TRACK.ORG API,2025-07-16T02:26:16,18 SPCS,ISS (ZARYA),1998-067A,EARTH,TEME,UTC,SGP4,2025-07-16T02:10:06.277152,15.50571559,0.00027160,51.6361,163.7917,24.2790,52.6490,0,U,25544,999,51964,0.00016634000000,0.00009240,0.0000000000000,6793.193,92.869,416.903,413.213,PAYLOAD,LARGE,ISS,1998-11-20,TTMTR,,4786311,292669689,0 ISS (ZARYA),1 25544U 98067A   25197.09035043  .00009240  00000-0  16634-3 0  9996,2 25544  51.6361 163.7917 0002716  24.2790  52.6490 15.50571559519642
2.0,GENERATED VIA SPACE-TRACK.ORG API,2025-07-15T22:56:21,18 SPCS,ISS (ZARYA),1998-067A,EARTH,TEME,UTC,SGP4,2025-07-15T19:39:04.274208,15.50562767,0.00026860,51.6345,165.1449,15.6719,344.4352,0,U,25544,999,51960,0.00013514000000,0.00007417,0.0000000000000,6793.219,92.870,416.909,413.259,PAYLOAD,LARGE,ISS,1998-11-20,TTMTR,,4786243,292668021,0 ISS (ZARYA),1 25544U 98067A   25196.81879947  .00007417  00000-0  13514-3 0  9992,2 25544  51.6345 165.1449 0002686  15.6719 344.4352 15.50562767519607
2.0,GENERATED VIA SPACE-TRACK.ORG API,2025-07-16T03:29:09,18 SPCS,ISS (ZARYA),1998-067A,EARTH,TEME,UTC,SGP4,2025-07-15T19:39:04.274208,15.50562767,0.00026860,51.6345,165.1449,15.6719,344.4352,0,U,25544,999,51960,0.00013514000000,0.00007417,0.0000000000000,6793.219,92.870,416.909,413.259,PAYLOAD,LARGE,ISS,1998-11-20,TTMTR,,4786315,292675959,0 ISS (ZARYA),1 25544U 98067A   25196.81879947  .00007417  00000-0  13514-3 0  9992,2 25544  51.6345 165.1449 0002686  15.6719 344.4352 15.50562767519607
2.0,GENERATED VIA SPACE-TRACK.ORG API,2025-07-15T21:16:29,18 SPCS,ISS (ZARYA),1998-067A,EARTH,TEME,UTC,SGP4,2025-07-15T18:23:33.013248,15.50566867,0.00026900,51.6362,165.3983,21.2845,45.8925,0,U,25544,999,51959,0.00017122000000,0.00009524,0.0000000000000,6793.207,92.869,416.899,413.245,PAYLOAD,LARGE,ISS,1998-11-20,TTMTR,,4785999,292662042,0 ISS (ZARYA),1 25544U 98067A   25196.76635432  .00009524  00000-0  17122-3 0  9995,2 25544  51.6362 165.3983 0002690  21.2845  45.8925 15.50566867519590
2.0,GENERATED VIA SPACE-TRACK.ORG API,2025-07-15T16:36:16,18 SPCS,ISS (ZARYA),1998-067A,EARTH,TEME,UTC,SGP4,2025-07-15T10:59:57.661728,15.50560360,0.00027630,51.6363,166.9265,20.6191,125.8861,0,U,25544,999,51954,0.00016948000000,0.00009420,0.0000000000000,6793.226,92.870,416.968,413.214,PAYLOAD,LARGE,ISS,1998-11-20,TTMTR,,4785982,292631373,0 ISS (ZARYA),1 25544U 98067A   25196.45830627  .00009420  00000-0  16948-3 0  9994,2 25544  51.6363 166.9265 0002763  20.6191 125.8861 15.50560360519544
2.0,GENERATED VIA SPACE-TRACK.ORG API,2025-07-15T14:56:18,18 SPCS,ISS (ZARYA),1998-067A,EARTH,TEME,UTC,SGP4,2025-07-15T10:22:13.260288,15.50558636,0.00026870,51.6344,167.0626,14.3724,345.7341,0,U,25544,999,51954,0.00015878000000,0.00008795,0.0000000000000,6793.231,92.870,416.921,413.271,PAYLOAD,LARGE,ISS,1998-11-20,TTMTR,,4785907,292630447,0 ISS (ZARYA),1 25544U 98067A   25196.43209792  .00008795  00000-0  15878-3 0  9990,2 25544  51.6344 167.0626 0002687  14.3724 345.7341 15.50558636519542
2.0,GENERATED VIA SPACE-TRACK.ORG API,2025-07-15T20:01:57,18 SPCS,ISS (ZARYA),1998-067A,EARTH,TEME,UTC,SGP4,2025-07-15T10:22:13.260288,15.50558636,0.00026870,51.6344,167.0626,14.3724,345.7341,0,U,25544,999,51954,0.00015878000000,0.00008795,0.0000000000000,6793.231,92.870,416.921,413.271,PAYLOAD,LARGE,ISS,1998-11-20,TTMTR,,4785994,292638021,0 ISS (ZARYA),1 25544U 98067A   25196.43209792  .00008795  00000-0  15878-3 0  9990,2 25544  51.6344 167.0626 0002687  14.3724 345.7341 15.50558636519542
2.0,GENERATED VIA SPACE-TRACK.ORG API,2025-07-15T07:16:33,18 SPCS,ISS (ZARYA),1998-067A,EARTH,TEME,UTC,SGP4,2025-07-15T04:10:59.191680,15.50554616,0.00027000,51.6344,168.3411,13.1182,346.9877,0,U,25544,999,51950,0.00016747000000,0.00009301,0.0000000000000,6793.243,92.870,416.942,413.273,PAYLOAD,LARGE,ISS,1998-11-20,TTMTR,,4785595,292621963,0 ISS (ZARYA),1 25544U 98067A   25196.17429620  .00009301  00000-0  16747-3 0  9995,2 25544  51.6344 168.3411 0002700  13.1182 346.9877 15.50554616519506
2.0,GENERATED VIA SPACE-TRACK.ORG API,2025-07-14T21:36:17,18 SPCS,ISS (ZARYA),1998-067A,EARTH,TEME,UTC,SGP4,2025-07-14T20:48:53.252064,15.50544586,0.00027610,51.6357,169.8553,17.1347,68.0876,0,U,25544,999,51945,0.00015331000000,0.00008471,0.0000000000000,6793.272,92.871,417.013,413.261,PAYLOAD,LARGE,ISS,1998-11-20,TTMTR,,4784993,292577281,0 ISS (ZARYA),1 25544U 98067A   25195.86728301  .00008471  00000-0  15331-3 0  9993,2 25544  51.6357 169.8553 0002761  17.1347  68.0876 15.50544586519457
2.0,GENERATED VIA SPACE-TRACK.ORG API,2025-07-15T03:13:35,18 SPCS,ISS (ZARYA),1998-067A,EARTH,TEME,UTC,SGP4,2025-07-14T17:21:19.451520,15.50545164,0.00026910,51.6344,170.5783,11.6689,348.4362,0,U,25544,999,51943,0.00016298000000,0.00009036,0.0000000000000,6793.270,92.871,416.963,413.307,PAYLOAD,LARGE,ISS,1998-11-20,TTMTR,,4785252,292590308,0 ISS (ZARYA),1 25544U 98067A   25195.72314180  .00009036  00000-0  16298-3 0  9995,2 25544  51.6344 170.5783 0002691  11.6689 348.4362 15.50545164519433
2.0,GENERATED VIA SPACE-TRACK.ORG API,2025-07-14T15:06:19,18 SPCS,ISS (ZARYA),1998-067A,EARTH,TEME,UTC,SGP4,2025-07-14T09:37:16.660992,15.50538108,0.00026980,51.6342,172.1763,10.2035,349.9008,0,U,25544,999,51938,0.00016098000000,0.00008917,0.0000000000000,6793.291,92.871,416.989,413.323,PAYLOAD,LARGE,ISS,1998-11-20,TTMTR,,4784920,292545567,0 ISS (ZARYA),1 25544U 98067A   25195.40088728  .00008917  00000-0  16098-3 0  9991,2 25544  51.6342 172.1763 0002698  10.2035 349.9008 15.50538108519381
2.0,GENERATED VIA SPACE-TRACK.ORG API,2025-07-14T18:08:03,18 SPCS,ISS (ZARYA),1998-067A,EARTH,TEME,UTC,SGP4,2025-07-14T09:37:16.660992,15.50538108,0.00026980,51.6342,172.1763,10.2035,349.9008,0,U,25544,999,51938,0.00016098000000,0.00008917,0.0000000000000,6793.291,92.871,416.989,413.323,PAYLOAD,LARGE,ISS,1998-11-20,TTMTR,,4784987,292552929,0 ISS (ZARYA),1 25544U 98067A   25195.40088728  .00008917  00000-0  16098-3 0  9991,2 25544  51.6342 172.1763 0002698  10.2035 349.9008 15.50538108519381
2.0,GENERATED VIA SPACE-TRACK.ORG API,2025-07-14T07:06:41,18 SPCS,ISS (ZARYA),1998-067A,EARTH,TEME,UTC,SGP4,2025-07-14T04:58:50.914272,15.50534533,0.00026880,51.6342,173.1351,9.5212,350.5828,0,U,25544,999,51935,0.00016557000000,0.00009183,0.0000000000000,6793.301,92.871,416.992,413.340,PAYLOAD,LARGE,ISS,1998-11-20,TTMTR,,4784550,292536208,0 ISS (ZARYA),1 25544U 98067A   25195.20753373  .00009183  00000-0  16557-3 0  9990,2 25544  51.6342 173.1351 0002688   9.5212 350.5828 15.50534533519355
2.0,GENERATED VIA SPACE-TRACK.ORG API,2025-07-13T22:56:27,18 SPCS,ISS (ZARYA),1998-067A,EARTH,TEME,UTC,SGP4,2025-07-13T19:41:59.297280,15.50527943,0.00026880,51.6341,175.0526,7.9305,352.1726,0,U,25544,999,51929,0.00017963000000,0.00010000,0.0000000000000,6793.321,92.872,417.012,413.360,PAYLOAD,LARGE,ISS,1998-11-20,TTMTR,,4784228,292498346,0 ISS (ZARYA),1 25544U 98067A   25194.82082520  .00010000  00000-0  17963-3 0  9998,2 25544  51.6341 175.0526 0002688   7.9305 352.1726 15.50527943519299
2.0,GENERATED VIA SPACE-TRACK.ORG API,2025-07-14T05:53:48,18 SPCS,ISS (ZARYA),1998-067A,EARTH,TEME,UTC,SGP4,2025-07-13T19:41:59.297280,15.50527943,0.00026880,51.6341,175.0526,7.9305,352.1726,0,U,25544,999,51929,0.00017963000000,0.00010000,0.0000000000000,6793.321,92.872,417.012,413.360,PAYLOAD,LARGE,ISS,1998-11-20,TTMTR,,4784289,292506134,0 ISS (ZARYA),1 25544U 98067A   25194.82082520  .00010000  00000-0  17963-3 0  9998,2 25544  51.6341 175.0526 0002688   7.9305 352.1726 15.50527943519299
2.0,GENERATED VIA SPACE-TRACK.ORG API,2025-07-13T14:56:32,18 SPCS,ISS (ZARYA),1998-067A,EARTH,TEME,UTC,SGP4,2025-07-13T10:25:07.524768,15.50520436,0.00026750,51.6340,176.9702,6.8375,353.2650,0,U,25544,999,51923,0.00018227000000,0.00010152,0.0000000000000,6793.343,92.872,417.025,413.390,PAYLOAD,LARGE,ISS,1998-11-20,TTMTR,,4783873,292429257,0 ISS (ZARYA),1 25544U 98067A   25194.43411487  .00010152  00000-0  18227-3 0  9995,2 25544  51.6340 176.9702 0002675   6.8375 353.2650 15.50520436519237
2.0,GENERATED VIA SPACE-TRACK.ORG API,2025-07-13T19:20:00,18 SPCS,ISS (ZARYA),1998-067A,EARTH,TEME,UTC,SGP4,2025-07-13T10:25:07.524768,15.50520436,0.00026750,51.6340,176.9702,6.8375,353.2650,0,U,25544,999,51923,0.00018227000000,0.00010152,0.0000000000000,6793.343,92.872,417.025,413.390,PAYLOAD,LARGE,ISS,1998-11-20,TTMTR,,4783979,292437388,0 ISS (ZARYA),1 25544U 98067A   25194.43411487  .00010152  00000-0  18227-3 0  9995,2 25544  51.6340 176.9702 0002675   6.8375 353.2650 15.50520436519237
2.0,GENERATED VIA SPACE-TRACK.ORG API,2025-07-13T07:06:30,18 SPCS,ISS (ZARYA),1998-067A,EARTH,TEME,UTC,SGP4,2025-07-13T04:13:52.915296,15.50514308,0.00026560,51.6340,178.2487,5.9347,354.1673,0,U,25544,999,51919,0.00017059000000,0.00009469,0.0000000000000,6793.360,92.872,417.030,413.421,PAYLOAD,LARGE,ISS,1998-11-20,TTMTR,,4783581,292421439,0 ISS (ZARYA),1 25544U 98067A   25194.17630689  .00009469  00000-0  17059-3 0  9994,2 25544  51.6340 178.2487 0002656   5.9347 354.1673 15.50514308519191
2.0,GENERATED VIA SPACE-TRACK.ORG API,2025-07-12T22:56:33,18 SPCS,ISS (ZARYA),1998-067A,EARTH,TEME,UTC,SGP4,2025-07-12T20:29:49.525152,15.50507838,0.00026580,51.6339,179.8465,4.5975,355.5038,0,U,25544,999,51914,0.00016104000000,0.00008910,0.0000000000000,6793.379,92.873,417.050,413.439,PAYLOAD,LARGE,ISS,1998-11-20,TTMTR,,4783201,292383124,0 ISS (ZARYA),1 25544U 98067A   25193.85404543  .00008910  00000-0  16104-3 0  9996,2 25544  51.6339 179.8465 0002658   4.5975 355.5038 15.50507838519141
2.0,GENERATED VIA SPACE-TRACK.ORG API,2025-07-13T02:53:07,18 SPCS,ISS (ZARYA),1998-067A,EARTH,TEME,UTC,SGP4,2025-07-12T20:29:49.525152,15.50507838,0.00026580,51.6339,179.8465,4.5975,355.5038,0,U,25544,999,51914,0.00016104000000,0.00008910,0.0000000000000,6793.379,92.873,417.050,413.439,PAYLOAD,LARGE,ISS,1998-11-20,TTMTR,,4783301,292390973,0 ISS (ZARYA),1 25544U 98067A   25193.85404543  .00008910  00000-0  16104-3 0  9996,2 25544  51.6339 179.8465 0002658   4.5975 355.5038 15.50507838519141
2.0,GENERATED VIA SPACE-TRACK.ORG API,2025-07-12T15:16:23,18 SPCS,ISS (ZARYA),1998-067A,EARTH,TEME,UTC,SGP4,2025-07-12T11:12:57.325824,15.50499706,0.00026470,51.6338,181.7640,3.5819,356.5188,0,U,25544,999,51908,0.00014419000000,0.00007927,0.0000000000000,6793.403,92.873,417.066,413.470,PAYLOAD,LARGE,ISS,1998-11-20,TTMTR,,4782970,292315280,0 ISS (ZARYA),1 25544U 98067A   25193.46733016  .00007927  00000-0  14419-3 0  9997,2 25544  51.6338 181.7640 0002647   3.5819 356.5188 15.50499706519085
2.0,GENERATED VIA SPACE-TRACK.ORG API,2025-07-12T17:51:30,18 SPCS,ISS (ZARYA),1998-067A,EARTH,TEME,UTC,SGP4,2025-07-12T11:12:57.325824,15.50499706,0.00026470,51.6338,181.7640,3.5819,356.5188,0,U,25544,999,51908,0.00014419000000,0.00007927,0.0000000000000,6793.403,92.873,417.066,413.470,PAYLOAD,LARGE,ISS,1998-11-20,TTMTR,,4782975,292321934,0 ISS (ZARYA),1 25544U 98067A   25193.46733016  .00007927  00000-0  14419-3 0  9997,2 25544  51.6338 181.7640 0002647   3.5819 356.5188 15.50499706519085
2.0,GENERATED VIA SPACE-TRACK.ORG API,2025-07-12T04:46:16,18 SPCS,ISS (ZARYA),1998-067A,EARTH,TEME,UTC,SGP4,2025-07-12T03:54:48.420288,15.50494620,0.00025680,51.6351,183.2663,7.8923,92.7205,0,U,25544,999,51903,0.00013481000000,0.00007379,0.0000000000000,6793.418,92.874,417.027,413.538,PAYLOAD,LARGE,ISS,1998-11-20,TTMTR,,4782272,292298016,0 ISS (ZARYA),1 25544U 98067A   25193.16306042  .00007379  00000-0  13481-3 0  9998,2 25544  51.6351 183.2663 0002568   7.8923  92.7205 15.50494620519031
2.0,GENERATED VIA SPACE-TRACK.ORG API,2025-07-11T22:56:32,18 SPCS,ISS (ZARYA),1998-067A,EARTH,TEME,UTC,SGP4,2025-07-11T19:44:49.945056,15.50489224,0.00026510,51.6336,184.9598,0.6164,359.4828,0,U,25544,999,51898,0.00013514000000,0.00007397,0.0000000000000,6793.434,92.874,417.100,413.498,PAYLOAD,LARGE,ISS,1998-11-20,TTMTR,,4782228,292266976,0 ISS (ZARYA),1 25544U 98067A   25192.82280029  .00007397  00000-0  13514-3 0  9993,2 25544  51.6336 184.9598 0002651   0.6164 359.4828 15.50489224518981
2.0,GENERATED VIA SPACE-TRACK.ORG API,2025-07-12T04:02:57,18 SPCS,ISS (ZARYA),1998-067A,EARTH,TEME,UTC,SGP4,2025-07-11T19:44:49.945056,15.50489224,0.00026510,51.6336,184.9598,0.6164,359.4828,0,U,25544,999,51898,0.00013514000000,0.00007397,0.0000000000000,6793.434,92.874,417.100,413.498,PAYLOAD,LARGE,ISS,1998-11-20,TTMTR,,4782270,292274486,0 ISS (ZARYA),1 25544U 98067A   25192.82280029  .00007397  00000-0  13514-3 0  9993,2 25544  51.6336 184.9598 0002651   0.6164 359.4828 15.50489224518981
2.0,GENERATED VIA SPACE-TRACK.ORG API,2025-07-11T15:07:23,18 SPCS,ISS (ZARYA),1998-067A,EARTH,TEME,UTC,SGP4,2025-07-11T10:27:57.371616,15.50482195,0.00026610,51.6334,186.8773,359.1474,0.9510,0,U,25544,999,51892,0.00012510000000,0.00006811,0.0000000000000,6793.454,92.874,417.127,413.511,PAYLOAD,LARGE,ISS,1998-11-20,TTMTR,,4781896,292229446,0 ISS (ZARYA),1 25544U 98067A   25192.43608069  .00006811  00000-0  12510-3 0  9993,2 25544  51.6334 186.8773 0002661 359.1474   0.9510 15.50482195518922
2.0,GENERATED VIA SPACE-TRACK.ORG API,2025-07-11T07:06:32,18 SPCS,ISS (ZARYA),1998-067A,EARTH,TEME,UTC,SGP4,2025-07-11T04:16:42.249792,15.50477807,0.00028070,51.6335,188.1561,356.4989,3.5980,0,U,25544,999,51888,0.00011964000000,0.00006493,0.0000000000000,6793.467,92.875,417.239,413.425,PAYLOAD,LARGE,ISS,1998-11-20,TTMTR,,4781549,292220609,0 ISS (ZARYA),1 25544U 98067A   25192.17826678  .00006493  00000-0  11964-3 0  9990,2 25544  51.6335 188.1561 0002807 356.4989   3.5980 15.50477807518885
2.0,GENERATED VIA SPACE-TRACK.ORG API,2025-07-11T03:26:26,18 SPCS,ISS (ZARYA),1998-067A,EARTH,TEME,UTC,SGP4,2025-07-11T01:38:53.979648,15.50478674,0.00025420,51.6350,188.6924,3.1279,104.8925,0,U,25544,999,51886,0.00014043000000,0.00007702,0.0000000000000,6793.464,92.875,417.056,413.603,PAYLOAD,LARGE,ISS,1998-11-20,TTMTR,,4781300,292214562,0 ISS (ZARYA),1 25544U 98067A   25192.06868032  .00007702  00000-0  14043-3 0  9993,2 25544  51.6350 188.6924 0002542   3.1279 104.8925 15.50478674518869
2.0,GENERATED VIA SPACE-TRACK.ORG API,2025-07-10T21:36:16,18 SPCS,ISS (ZARYA),1998-067A,EARTH,TEME,UTC,SGP4,2025-07-10T19:14:45.765312,15.50474527,0.00021630,51.6351,190.0161,2.7467,55.3035,0,U,25544,999,51882,0.00014191000000,0.00007787,0.0000000000000,6793.477,92.875,416.811,413.872,PAYLOAD,LARGE,ISS,1998-11-20,TTMTR,,4781078,292178915,0 ISS (ZARYA),1 25544U 98067A   25191.80191858  .00007787  00000-0  14191-3 0  9996,2 25544  51.6351 190.0161 0002163   2.7467  55.3035 15.50474527518824
2.0,GENERATED VIA SPACE-TRACK.ORG API,2025-07-10T14:26:19,18 SPCS,ISS (ZARYA),1998-067A,EARTH,TEME,UTC,SGP4,2025-07-10T11:50:54.471264,15.50469967,0.00021610,51.6350,191.5447,1.4001,135.0516,0,U,25544,999,51877,0.00014455000000,0.00007939,0.0000000000000,6793.490,92.875,416.823,413.887,PAYLOAD,LARGE,ISS,1998-11-20,TTMTR,,4780854,292142706,0 ISS (ZARYA),1 25544U 98067A   25191.49368601  .00007939  00000-0  14455-3 0  9995,2 25544  51.6350 191.5447 0002161   1.4001 135.0516 15.50469967518770
2.0,GENERATED VIA SPACE-TRACK.ORG API,2025-07-10T05:36:16,18 SPCS,ISS (ZARYA),1998-067A,EARTH,TEME,UTC,SGP4,2025-07-10T05:27:30.808224,15.50465878,0.00025090,51.6351,192.8633,1.3942,87.9726,0,U,25544,999,51873,0.00014530000000,0.00007981,0.0000000000000,6793.502,92.875,417.071,413.662,PAYLOAD,LARGE,ISS,1998-11-20,TTMTR,,4780399,292131945,0 ISS (ZARYA),1 25544U 98067A   25191.22743991  .00007981  00000-0  14530-3 0  9996,2 25544  51.6351 192.8633 0002509   1.3942  87.9726 15.50465878518732
2.0,GENERATED VIA SPACE-TRACK.ORG API,2025-07-09T21:06:29,18 SPCS,ISS (ZARYA),1998-067A,EARTH,TEME,UTC,SGP4,2025-07-09T20:03:13.146048,15.50459844,0.00022400,51.6355,194.8070,357.9627,62.6688,0,U,25544,999,51867,0.00014719000000,0.00008089,0.0000000000000,6793.519,92.876,416.906,413.863,PAYLOAD,LARGE,ISS,1998-11-20,TTMTR,,4780051,292093287,0 ISS (ZARYA),1 25544U 98067A   25190.83556882  .00008089  00000-0  14719-3 0  9992,2 25544  51.6355 194.8070 0002240 357.9627  62.6688 15.50459844518671
2.0,GENERATED VIA SPACE-TRACK.ORG API,2025-07-10T03:09:22,18 SPCS,ISS (ZARYA),1998-067A,EARTH,TEME,UTC,SGP4,2025-07-09T19:47:36.861216,15.50457452,0.00026240,51.6333,194.8671,353.3499,6.7454,0,U,25544,999,51867,0.00013511000000,0.00007387,0.0000000000000,6793.526,92.876,417.174,413.609,PAYLOAD,LARGE,ISS,1998-11-20,TTMTR,,4780393,292107936,0 ISS (ZARYA),1 25544U 98067A   25190.82473219  .00007387  00000-0  13511-3 0  9992,2 25544  51.6333 194.8671 0002624 353.3499   6.7454 15.50457452518670
2.0,GENERATED VIA SPACE-TRACK.ORG API,2025-07-09T15:16:31,18 SPCS,ISS (ZARYA),1998-067A,EARTH,TEME,UTC,SGP4,2025-07-09T12:30:53.002656,15.50452632,0.00025390,51.6352,196.3664,358.9095,107.2378,0,U,25544,999,51862,0.00013435000000,0.00007341,0.0000000000000,6793.541,92.876,417.130,413.681,PAYLOAD,LARGE,ISS,1998-11-20,TTMTR,,4780034,292062628,0 ISS (ZARYA),1 25544U 98067A   25190.52144679  .00007341  00000-0  13435-3 0  9999,2 25544  51.6352 196.3664 0002539 358.9095 107.2378 15.50452632518620
2.0,GENERATED VIA SPACE-TRACK.ORG API,2025-07-09T02:06:46,18 SPCS,ISS (ZARYA),1998-067A,EARTH,TEME,UTC,SGP4,2025-07-09T00:35:34.360800,15.50447055,0.00021180,51.6358,198.8275,354.0350,217.6565,0,U,25544,999,51854,0.00015053000000,0.00008280,0.0000000000000,6793.557,92.876,416.861,413.983,PAYLOAD,LARGE,ISS,1998-11-20,TTMTR,,4779529,292020190,0 ISS (ZARYA),1 25544U 98067A   25190.02470325  .00008280  00000-0  15053-3 0  9995,2 25544  51.6358 198.8275 0002118 354.0350 217.6565 15.50447055518543
2.0,GENERATED VIA SPACE-TRACK.ORG API,2025-07-08T22:56:42,18 SPCS,ISS (ZARYA),1998-067A,EARTH,TEME,UTC,SGP4,2025-07-08T20:35:23.436096,15.50441982,0.00025690,51.6334,199.6604,349.2805,10.8129,0,U,25544,999,51852,0.00013082000000,0.00007133,0.0000000000000,6793.572,92.877,417.182,413.691,PAYLOAD,LARGE,ISS,1998-11-20,TTMTR,,4779440,292018744,0 ISS (ZARYA),1 25544U 98067A   25189.85791014  .00007133  00000-0  13082-3 0  9991,2 25544  51.6334 199.6604 0002569 349.2805  10.8129 15.50441982518523
2.0,GENERATED VIA SPACE-TRACK.ORG API,2025-07-09T02:22:42,18 SPCS,ISS (ZARYA),1998-067A,EARTH,TEME,UTC,SGP4,2025-07-08T20:35:23.436096,15.50441982,0.00025690,51.6334,199.6604,349.2805,10.8129,0,U,25544,999,51852,0.00013082000000,0.00007133,0.0000000000000,6793.572,92.877,417.182,413.691,PAYLOAD,LARGE,ISS,1998-11-20,TTMTR,,4779531,292026457,0 ISS (ZARYA),1 25544U 98067A   25189.85791014  .00007133  00000-0  13082-3 0  9991,2 25544  51.6334 199.6604 0002569 349.2805  10.8129 15.50441982518523
2.0,GENERATED VIA SPACE-TRACK.ORG API,2025-07-08T21:16:28,18 SPCS,ISS (ZARYA),1998-067A,EARTH,TEME,UTC,SGP4,2025-07-08T13:28:36.763104,15.50439163,0.00019290,51.6358,201.1248,350.4791,154.2966,0,U,25544,999,51847,0.00015099000000,0.00008304,0.0000000000000,6793.580,92.877,416.755,414.134,PAYLOAD,LARGE,ISS,1998-11-20,TTMTR,,4779218,292012715,0 ISS (ZARYA),1 25544U 98067A   25189.56153661  .00008304  00000-0  15099-3 0  9990,2 25544  51.6358 201.1248 0001929 350.4791 154.2966 15.50439163518473
2.0,GENERATED VIA SPACE-TRACK.ORG API,2025-07-08T17:56:16,18 SPCS,ISS (ZARYA),1998-067A,EARTH,TEME,UTC,SGP4,2025-07-08T13:28:36.763104,15.50439726,0.00021080,51.6361,201.1254,351.9340,152.8396,0,U,25544,999,51847,0.00015444000000,0.00008505,0.0000000000000,6793.578,92.877,416.875,414.011,PAYLOAD,LARGE,ISS,1998-11-20,TTMTR,,4779211,292012669,0 ISS (ZARYA),1 25544U 98067A   25189.56153661  .00008505  00000-0  15444-3 0  9997,2 25544  51.6361 201.1254 0002108 351.9340 152.8396 15.50439726518476
2.0,GENERATED VIA SPACE-TRACK.ORG API,2025-07-08T15:36:28,18 SPCS,ISS (ZARYA),1998-067A,EARTH,TEME,UTC,SGP4,2025-07-08T13:28:36.763104,15.50438911,0.00020570,51.6359,201.1248,352.4632,152.3101,0,U,25544,999,51847,0.00015022000000,0.00008259,0.0000000000000,6793.581,92.877,416.843,414.048,PAYLOAD,LARGE,ISS,1998-11-20,TTMTR,,4779175,291982064,0 ISS (ZARYA),1 25544U 98067A   25189.56153661  .00008259  00000-0  15022-3 0  9995,2 25544  51.6359 201.1248 0002057 352.4632 152.3101 15.50438911518473
2.0,GENERATED VIA SPACE-TRACK.ORG API,2025-07-08T17:26:03,18 SPCS,ISS (ZARYA),1998-067A,EARTH,TEME,UTC,SGP4,2025-07-08T12:51:18.785376,15.50437182,0.00025570,51.6334,201.2582,348.2513,11.8416,0,U,25544,999,51847,0.00013560000000,0.00007410,0.0000000000000,6793.586,92.877,417.188,413.714,PAYLOAD,LARGE,ISS,1998-11-20,TTMTR,,4779207,291988861,0 ISS (ZARYA),1 25544U 98067A   25189.53563409  .00007410  00000-0  13560-3 0  9990,2 25544  51.6334 201.2582 0002557 348.2513  11.8416 15.50437182518471
2.0,GENERATED VIA SPACE-TRACK.ORG API,2025-07-08T14:56:18,18 SPCS,ISS (ZARYA),1998-067A,EARTH,TEME,UTC,SGP4,2025-07-08T11:18:29.845728,15.50436111,0.00025560,51.6335,201.5778,347.9995,12.0932,0,U,25544,999,51846,0.00013689000000,0.00007484,0.0000000000000,6793.589,92.877,417.190,413.717,PAYLOAD,LARGE,ISS,1998-11-20,TTMTR,,4779134,291980753,0 ISS (ZARYA),1 25544U 98067A   25189.47117877  .00007484  00000-0  13689-3 0  9990,2 25544  51.6335 201.5778 0002556 347.9995  12.0932 15.50436111518467
2.0,GENERATED VIA SPACE-TRACK.ORG API,2025-07-08T07:07:00,18 SPCS,ISS (ZARYA),1998-067A,EARTH,TEME,UTC,SGP4,2025-07-08T05:07:14.033568,15.50431524,0.00024990,51.6336,202.8559,346.6817,13.4106,0,U,25544,999,51842,0.00013303000000,0.00007259,0.0000000000000,6793.602,92.877,417.165,413.770,PAYLOAD,LARGE,ISS,1998-11-20,TTMTR,,4778823,291973498,0 ISS (ZARYA),1 25544U 98067A   25189.21335687  .00007259  00000-0  13303-3 0  9996,2 25544  51.6336 202.8559 0002499 346.6817  13.4106 15.50431524518421
2.0,GENERATED VIA SPACE-TRACK.ORG API,2025-07-08T05:16:15,18 SPCS,ISS (ZARYA),1998-067A,EARTH,TEME,UTC,SGP4,2025-07-08T04:04:36.426720,15.50429366,0.00021510,51.6362,203.0667,350.1358,127.0487,0,U,25544,999,51841,0.00013870000000,0.00007588,0.0000000000000,6793.609,92.877,416.935,414.012,PAYLOAD,LARGE,ISS,1998-11-20,TTMTR,,4778506,291965916,0 ISS (ZARYA),1 25544U 98067A   25189.16986605  .00007588  00000-0  13870-3 0  9996,2 25544  51.6362 203.0667 0002151 350.1358 127.0487 15.50429366518412
2.0,GENERATED VIA SPACE-TRACK.ORG API,2025-07-08T01:46:45,18 SPCS,ISS (ZARYA),1998-067A,EARTH,TEME,UTC,SGP4,2025-07-08T00:35:01.368960,15.50426481,0.00021620,51.6367,203.7870,349.2763,35.0069,0,U,25544,999,51839,0.00013652000000,0.00007460,0.0000000000000,6793.617,92.878,416.951,414.013,PAYLOAD,LARGE,ISS,1998-11-20,TTMTR,,4778496,291935657,0 ISS (ZARYA),1 25544U 98067A   25189.02432140  .00007460  00000-0  13652-3 0  9998,2 25544  51.6367 203.7870 0002162 349.2763  35.0069 15.50426481518397
2.0,GENERATED VIA SPACE-TRACK.ORG API,2025-07-07T21:16:44,18 SPCS,ISS (ZARYA),1998-067A,EARTH,TEME,UTC,SGP4,2025-07-07T19:49:11.000064,15.50422679,0.00021410,51.6366,204.7716,348.1048,7.5113,0,U,25544,999,51835,0.00013458000000,0.00007346,0.0000000000000,6793.628,92.878,416.948,414.039,PAYLOAD,LARGE,ISS,1998-11-20,TTMTR,,4778104,291926026,0 ISS (ZARYA),1 25544U 98067A   25188.82582176  .00007346  00000-0  13458-3 0  9997,2 25544  51.6366 204.7716 0002141 348.1048   7.5113 15.50422679518352
2.0,GENERATED VIA SPACE-TRACK.ORG API,2025-07-08T02:27:36,18 SPCS,ISS (ZARYA),1998-067A,EARTH,TEME,UTC,SGP4,2025-07-07T18:17:31.253856,15.50423801,0.00025590,51.6337,205.0932,345.2175,14.8739,0,U,25544,999,51835,0.00013691000000,0.00007482,0.0000000000000,6793.625,92.878,417.228,413.751,PAYLOAD,LARGE,ISS,1998-11-20,TTMTR,,4778497,291941925,0 ISS (ZARYA),1 25544U 98067A   25188.76216729  .00007482  00000-0  13691-3 0  9998,2 25544  51.6337 205.0932 0002559 345.2175  14.8739 15.50423801518359
2.0,GENERATED VIA SPACE-TRACK.ORG API,2025-07-07T19:56:30,18 SPCS,ISS (ZARYA),1998-067A,EARTH,TEME,UTC,SGP4,2025-07-07T18:12:48.999744,15.50423828,0.00020900,51.6365,205.1058,346.9572,354.8920,0,U,25544,999,51834,0.00014526000000,0.00007967,0.0000000000000,6793.625,92.878,416.910,414.070,PAYLOAD,LARGE,ISS,1998-11-20,TTMTR,,4778101,291926023,0 ISS (ZARYA),1 25544U 98067A   25188.75890046  .00007967  00000-0  14526-3 0  9993,2 25544  51.6365 205.1058 0002090 346.9572 354.8920 15.50423828518346
2.0,GENERATED VIA SPACE-TRACK.ORG API,2025-07-07T14:46:18,18 SPCS,ISS (ZARYA),1998-067A,EARTH,TEME,UTC,SGP4,2025-07-07T12:06:15.305184,15.50419404,0.00025510,51.6337,206.3714,344.5753,15.5158,0,U,25544,999,51831,0.00014575000000,0.00007994,0.0000000000000,6793.638,92.878,417.236,413.770,PAYLOAD,LARGE,ISS,1998-11-20,TTMTR,,4778051,291894870,0 ISS (ZARYA),1 25544U 98067A   25188.50434381  .00007994  00000-0  14575-3 0  9996,2 25544  51.6337 206.3714 0002551 344.5753  15.5158 15.50419404518310
2.0,GENERATED VIA SPACE-TRACK.ORG API,2025-07-07T18:34:59,18 SPCS,ISS (ZARYA),1998-067A,EARTH,TEME,UTC,SGP4,2025-07-07T12:06:15.305184,15.50419404,0.00025510,51.6337,206.3714,344.5753,15.5158,0,U,25544,999,51831,0.00014575000000,0.00007994,0.0000000000000,6793.638,92.878,417.236,413.770,PAYLOAD,LARGE,ISS,1998-11-20,TTMTR,,4778094,291902498,0 ISS (ZARYA),1 25544U 98067A   25188.50434381  .00007994  00000-0  14575-3 0  9996,2 25544  51.6337 206.3714 0002551 344.5753  15.5158 15.50419404518310
2.0,GENERATED VIA SPACE-TRACK.ORG API,2025-07-07T10:56:31,18 SPCS,ISS (ZARYA),1998-067A,EARTH,TEME,UTC,SGP4,2025-07-07T09:24:14.393664,15.50414693,0.00021920,51.6363,206.9237,345.2586,106.4404,0,U,25544,999,51829,0.00013010000000,0.00007084,0.0000000000000,6793.651,92.878,417.006,414.027,PAYLOAD,LARGE,ISS,1998-11-20,TTMTR,,4777897,291890894,0 ISS (ZARYA),1 25544U 98067A   25188.39183326  .00007084  00000-0  13010-3 0  9996,2 25544  51.6363 206.9237 0002192 345.2586 106.4404 15.50414693518294
2.0,GENERATED VIA SPACE-TRACK.ORG API,2025-07-07T06:26:18,18 SPCS,ISS (ZARYA),1998-067A,EARTH,TEME,UTC,SGP4,2025-07-07T06:17:07.143072,15.50411937,0.00021680,51.6365,207.5680,344.4653,101.4649,0,U,25544,999,51827,0.00012695000000,0.00006901,0.0000000000000,6793.659,92.879,416.997,414.052,PAYLOAD,LARGE,ISS,1998-11-20,TTMTR,,4777667,291885427,0 ISS (ZARYA),1 25544U 98067A   25188.26188823  .00006901  00000-0  12695-3 0  9994,2 25544  51.6365 207.5680 0002168 344.4653 101.4649 15.50411937518276
2.0,GENERATED VIA SPACE-TRACK.ORG API,2025-07-06T14:56:17,18 SPCS,ISS (ZARYA),1998-067A,EARTH,TEME,UTC,SGP4,2025-07-06T12:53:59.854848,15.50400814,0.00025310,51.6339,211.1650,341.3331,18.7565,0,U,25544,999,51816,0.00013634000000,0.00007443,0.0000000000000,6793.692,92.879,417.276,413.837,PAYLOAD,LARGE,ISS,1998-11-20,TTMTR,,4777232,291814528,0 ISS (ZARYA),1 25544U 98067A   25187.53749832  .00007443  00000-0  13634-3 0  9992,2 25544  51.6339 211.1650 0002531 341.3331  18.7565 15.50400814518165
2.0,GENERATED VIA SPACE-TRACK.ORG API,2025-07-06T18:05:35,18 SPCS,ISS (ZARYA),1998-067A,EARTH,TEME,UTC,SGP4,2025-07-06T12:53:59.854848,15.50400814,0.00025310,51.6339,211.1650,341.3331,18.7565,0,U,25544,999,51816,0.00013634000000,0.00007443,0.0000000000000,6793.692,92.879,417.276,413.837,PAYLOAD,LARGE,ISS,1998-11-20,TTMTR,,4777297,291822792,0 ISS (ZARYA),1 25544U 98067A   25187.53749832  .00007443  00000-0  13634-3 0  9992,2 25544  51.6339 211.1650 0002531 341.3331  18.7565 15.50400814518165
2.0,GENERATED VIA SPACE-TRACK.ORG API,2025-07-06T07:16:24,18 SPCS,ISS (ZARYA),1998-067A,EARTH,TEME,UTC,SGP4,2025-07-06T05:09:54.448128,15.50395869,0.00025170,51.6341,212.7627,339.7243,20.3646,0,U,25544,999,51811,0.00013705000000,0.00007482,0.0000000000000,6793.706,92.880,417.281,413.861,PAYLOAD,LARGE,ISS,1998-11-20,TTMTR,,4777002,291808604,0 ISS (ZARYA),1 25544U 98067A   25187.21521352  .00007482  00000-0  13705-3 0  9994,2 25544  51.6341 212.7627 0002517 339.7243  20.3646 15.50395869518113
2.0,GENERATED VIA SPACE-TRACK.ORG API,2025-07-06T04:16:29,18 SPCS,ISS (ZARYA),1998-067A,EARTH,TEME,UTC,SGP4,2025-07-06T02:12:59.620608,15.50394399,0.00021140,51.6367,213.3667,338.6457,55.2833,0,U,25544,999,51809,0.00012518000000,0.00006794,0.0000000000000,6793.711,92.880,417.012,414.139,PAYLOAD,LARGE,ISS,1998-11-20,TTMTR,,4776706,291801207,0 ISS (ZARYA),1 25544U 98067A   25187.09235672  .00006794  00000-0  12518-3 0  9993,2 25544  51.6367 213.3667 0002114 338.6457  55.2833 15.50394399518099
2.0,GENERATED VIA SPACE-TRACK.ORG API,2025-07-05T23:06:17,18 SPCS,ISS (ZARYA),1998-067A,EARTH,TEME,UTC,SGP4,2025-07-05T19:52:59.834784,15.50389624,0.00025070,51.6342,214.6801,338.0294,22.0587,0,U,25544,999,51805,0.00013106000000,0.00007133,0.0000000000000,6793.725,92.880,417.293,413.886,PAYLOAD,LARGE,ISS,1998-11-20,TTMTR,,4776644,291769872,0 ISS (ZARYA),1 25544U 98067A   25186.82847031  .00007133  00000-0  13106-3 0  9993,2 25544  51.6342 214.6801 0002507 338.0294  22.0587 15.50389624518054
2.0,GENERATED VIA SPACE-TRACK.ORG API,2025-07-06T04:10:31,18 SPCS,ISS (ZARYA),1998-067A,EARTH,TEME,UTC,SGP4,2025-07-05T19:52:59.834784,15.50389624,0.00025070,51.6342,214.6801,338.0294,22.0587,0,U,25544,999,51805,0.00013106000000,0.00007133,0.0000000000000,6793.725,92.880,417.293,413.886,PAYLOAD,LARGE,ISS,1998-11-20,TTMTR,,4776705,291777222,0 ISS (ZARYA),1 25544U 98067A   25186.82847031  .00007133  00000-0  13106-3 0  9993,2 25544  51.6342 214.6801 0002507 338.0294  22.0587 15.50389624518054
2.0,GENERATED VIA SPACE-TRACK.ORG API,2025-07-05T14:56:19,18 SPCS,ISS (ZARYA),1998-067A,EARTH,TEME,UTC,SGP4,2025-07-05T12:08:54.250080,15.50384048,0.00024920,51.6343,216.2777,336.9059,23.1817,0,U,25544,999,51800,0.00012412000000,0.00006730,0.0000000000000,6793.741,92.880,417.299,413.913,PAYLOAD,LARGE,ISS,1998-11-20,TTMTR,,4776289,291731393,0 ISS (ZARYA),1 25544U 98067A   25186.50618345  .00006730  00000-0  12412-3 0  9993,2 25544  51.6343 216.2777 0002492 336.9059  23.1817 15.50384048518002
2.0,GENERATED VIA SPACE-TRACK.ORG API,2025-07-05T17:45:45,18 SPCS,ISS (ZARYA),1998-067A,EARTH,TEME,UTC,SGP4,2025-07-05T12:08:54.250080,15.50384048,0.00024920,51.6343,216.2777,336.9059,23.1817,0,U,25544,999,51800,0.00012412000000,0.00006730,0.0000000000000,6793.741,92.880,417.299,413.913,PAYLOAD,LARGE,ISS,1998-11-20,TTMTR,,4776382,291739319,0 ISS (ZARYA),1 25544U 98067A   25186.50618345  .00006730  00000-0  12412-3 0  9993,2 25544  51.6343 216.2777 0002492 336.9059  23.1817 15.50384048518002
2.0,GENERATED VIA SPACE-TRACK.ORG API,2025-07-05T07:06:39,18 SPCS,ISS (ZARYA),1998-067A,EARTH,TEME,UTC,SGP4,2025-07-05T04:24:48.525408,15.50380546,0.00024900,51.6345,217.8755,335.5645,24.5226,0,U,25544,999,51795,0.00012417000000,0.00006732,0.0000000000000,6793.751,92.880,417.308,413.924,PAYLOAD,LARGE,ISS,1998-11-20,TTMTR,,4775975,291723614,0 ISS (ZARYA),1 25544U 98067A   25186.18389497  .00006732  00000-0  12417-3 0  9997,2 25544  51.6345 217.8755 0002490 335.5645  24.5226 15.50380546517952
2.0,GENERATED VIA SPACE-TRACK.ORG API,2025-07-04T22:46:17,18 SPCS,ISS (ZARYA),1998-067A,EARTH,TEME,UTC,SGP4,2025-07-04T19:07:53.593248,15.50372911,0.00024510,51.6344,219.7923,333.2220,26.8642,0,U,25544,999,51789,0.00010287000000,0.00005496,0.0000000000000,6793.773,92.881,417.304,413.973,PAYLOAD,LARGE,ISS,1998-11-20,TTMTR,,4775683,291685545,0 ISS (ZARYA),1 25544U 98067A   25185.79714807  .00005496  00000-0  10287-3 0  9999,2 25544  51.6344 219.7923 0002451 333.2220  26.8642 15.50372911517897
2.0,GENERATED VIA SPACE-TRACK.ORG API,2025-07-05T04:36:57,18 SPCS,ISS (ZARYA),1998-067A,EARTH,TEME,UTC,SGP4,2025-07-04T19:07:53.593248,15.50372911,0.00024510,51.6344,219.7923,333.2220,26.8642,0,U,25544,999,51789,0.00010287000000,0.00005496,0.0000000000000,6793.773,92.881,417.304,413.973,PAYLOAD,LARGE,ISS,1998-11-20,TTMTR,,4775734,291692791,0 ISS (ZARYA),1 25544U 98067A   25185.79714807  .00005496  00000-0  10287-3 0  9999,2 25544  51.6344 219.7923 0002451 333.2220  26.8642 15.50372911517897
2.0,GENERATED VIA SPACE-TRACK.ORG API,2025-07-04T14:56:26,18 SPCS,ISS (ZARYA),1998-067A,EARTH,TEME,UTC,SGP4,2025-07-04T11:23:47.709600,15.50368910,0.00024500,51.6344,221.3901,331.8120,28.2736,0,U,25544,999,51784,0.00010282000000,0.00005492,0.0000000000000,6793.785,92.881,417.315,413.986,PAYLOAD,LARGE,ISS,1998-11-20,TTMTR,,4775299,291645926,0 ISS (ZARYA),1 25544U 98067A   25185.47485775  .00005492  00000-0  10282-3 0  9994,2 25544  51.6344 221.3901 0002450 331.8120  28.2736 15.50368910517843
2.0,GENERATED VIA SPACE-TRACK.ORG API,2025-07-04T18:39:55,18 SPCS,ISS (ZARYA),1998-067A,EARTH,TEME,UTC,SGP4,2025-07-04T11:23:47.709600,15.50368910,0.00024500,51.6344,221.3901,331.8120,28.2736,0,U,25544,999,51784,0.00010282000000,0.00005492,0.0000000000000,6793.785,92.881,417.315,413.986,PAYLOAD,LARGE,ISS,1998-11-20,TTMTR,,4775522,291657996,0 ISS (ZARYA),1 25544U 98067A   25185.47485775  .00005492  00000-0  10282-3 0  9994,2 25544  51.6344 221.3901 0002450 331.8120  28.2736 15.50368910517843
2.0,GENERATED VIA SPACE-TRACK.ORG API,2025-07-04T09:46:15,18 SPCS,ISS (ZARYA),1998-067A,EARTH,TEME,UTC,SGP4,2025-07-04T03:39:41.749920,15.50365120,0.00024270,51.6344,222.9877,330.6237,29.4615,0,U,25544,999,51779,0.00010394000000,0.00005556,0.0000000000000,6793.796,92.881,417.310,414.012,PAYLOAD,LARGE,ISS,1998-11-20,TTMTR,,4775075,291639823,0 ISS (ZARYA),1 25544U 98067A   25185.15256655  .00005556  00000-0  10394-3 0  9997,2 25544  51.6344 222.9877 0002427 330.6237  29.4615 15.50365120517795
2.0,GENERATED VIA SPACE-TRACK.ORG API,2025-07-04T06:06:17,18 SPCS,ISS (ZARYA),1998-067A,EARTH,TEME,UTC,SGP4,2025-07-04T03:39:41.749920,15.50365120,0.00024270,51.6344,222.9877,330.6237,29.4615,0,U,25544,999,51779,0.00010394000000,0.00005556,0.0000000000000,6793.796,92.881,417.310,414.012,PAYLOAD,LARGE,ISS,1998-11-20,TTMTR,,4774769,291632231,0 ISS (ZARYA),1 25544U 98067A   25185.15256655  .00005556  00000-0  10394-3 0  9997,2 25544  51.6344 222.9877 0002427 330.6237  29.4615 15.50365120517795
2.0,GENERATED VIA SPACE-TRACK.ORG API,2025-07-03T21:36:27,18 SPCS,ISS (ZARYA),1998-067A,EARTH,TEME,UTC,SGP4,2025-07-03T17:17:19.078944,15.50362223,0.00020910,51.6362,225.1235,328.2731,137.9413,0,U,25544,999,51772,0.00014724000000,0.00008064,0.0000000000000,6793.805,92.882,417.090,414.249,PAYLOAD,LARGE,ISS,1998-11-20,TTMTR,,4774481,291595046,0 ISS (ZARYA),1 25544U 98067A   25184.72035971  .00008064  00000-0  14724-3 0  9993,2 25544  51.6362 225.1235 0002091 328.2731 137.9413 15.50362223517722
2.0,GENERATED VIA SPACE-TRACK.ORG API,2025-07-04T03:20:15,18 SPCS,ISS (ZARYA),1998-067A,EARTH,TEME,UTC,SGP4,2025-07-03T13:44:18.835872,15.50358139,0.00024040,51.6344,225.8637,328.2751,31.8093,0,U,25544,999,51770,0.00010472000000,0.00005600,0.0000000000000,6793.817,92.882,417.315,414.048,PAYLOAD,LARGE,ISS,1998-11-20,TTMTR,,4774767,291608245,0 ISS (ZARYA),1 25544U 98067A   25184.57244023  .00005600  00000-0  10472-3 0  9995,2 25544  51.6344 225.8637 0002404 328.2751  31.8093 15.50358139517700
2.0,GENERATED VIA SPACE-TRACK.ORG API,2025-07-03T13:56:18,18 SPCS,ISS (ZARYA),1998-067A,EARTH,TEME,UTC,SGP4,2025-07-03T12:49:30.188352,15.50360675,0.00021530,51.6361,226.0493,329.4547,178.0509,0,U,25544,999,51769,0.00014126000000,0.00007716,0.0000000000000,6793.809,92.882,417.137,414.211,PAYLOAD,LARGE,ISS,1998-11-20,TTMTR,,4774129,291526292,0 ISS (ZARYA),1 25544U 98067A   25184.53437718  .00007716  00000-0  14126-3 0  9996,2 25544  51.6361 226.0493 0002153 329.4547 178.0509 15.50360675517691
2.0,GENERATED VIA SPACE-TRACK.ORG API,2025-07-03T12:56:17,18 SPCS,ISS (ZARYA),1998-067A,EARTH,TEME,UTC,SGP4,2025-07-03T10:38:40.393248,15.50355829,0.00024040,51.6345,226.5029,327.7147,32.3695,0,U,25544,999,51768,0.00009886600000,0.00005261,0.0000000000000,6793.823,92.882,417.322,414.055,PAYLOAD,LARGE,ISS,1998-11-20,TTMTR,,4774128,291526291,0 ISS (ZARYA),1 25544U 98067A   25184.44352307  .00005261  00000-0  98866-4 0  9993,2 25544  51.6345 226.5029 0002404 327.7147  32.3695 15.50355829517681
2.0,GENERATED VIA SPACE-TRACK.ORG API,2025-07-03T07:16:31,18 SPCS,ISS (ZARYA),1998-067A,EARTH,TEME,UTC,SGP4,2025-07-03T04:27:23.440608,15.50353239,0.00023920,51.6344,227.7809,326.5974,33.4863,0,U,25544,999,51764,0.00010343000000,0.00005524,0.0000000000000,6793.831,92.882,417.321,414.071,PAYLOAD,LARGE,ISS,1998-11-20,TTMTR,,4774078,291524667,0 ISS (ZARYA),1 25544U 98067A   25184.18568797  .00005524  00000-0  10343-3 0  9991,2 25544  51.6344 227.7809 0002392 326.5974  33.4863 15.50353239517648
2.0,GENERATED VIA SPACE-TRACK.ORG API,2025-07-02T20:56:29,18 SPCS,ISS (ZARYA),1998-067A,EARTH,TEME,UTC,SGP4,2025-07-02T20:36:11.000160,15.50337006,0.00025050,51.6357,229.3983,324.9211,7.6111,0,U,25544,999,51758,-0.00028156000000,-0.00016683,0.0000000000000,6793.878,92.883,417.445,414.041,PAYLOAD,LARGE,ISS,1998-11-20,TTMTR,,4773468,291480064,0 ISS (ZARYA),1 25544U 98067A   25183.85846065 -.00016683  00000-0 -28156-3 0  9992,2 25544  51.6357 229.3983 0002505 324.9211   7.6111 15.50337006517581
2.0,GENERATED VIA SPACE-TRACK.ORG API,2025-07-03T05:56:16,18 SPCS,ISS (ZARYA),1998-067A,EARTH,TEME,UTC,SGP4,2025-07-02T19:10:27.939936,15.50349436,0.00023840,51.6345,229.6983,324.3477,35.7352,0,U,25544,999,51758,0.00011479000000,0.00006181,0.0000000000000,6793.842,92.882,417.327,414.087,PAYLOAD,LARGE,ISS,1998-11-20,TTMTR,,4773778,291517620,0 ISS (ZARYA),1 25544U 98067A   25183.79893449  .00006181  00000-0  11479-3 0  9993,2 25544  51.6345 229.6983 0002384 324.3477  35.7352 15.50349436517583
2.0,GENERATED VIA SPACE-TRACK.ORG API,2025-07-03T03:40:39,18 SPCS,ISS (ZARYA),1998-067A,EARTH,TEME,UTC,SGP4,2025-07-02T19:10:27.939936,15.50349436,0.00023840,51.6345,229.6983,324.3477,35.7352,0,U,25544,999,51758,0.00011479000000,0.00006181,0.0000000000000,6793.842,92.882,417.327,414.087,PAYLOAD,LARGE,ISS,1998-11-20,TTMTR,,4773777,291493659,0 ISS (ZARYA),1 25544U 98067A   25183.79893449  .00006181  00000-0  11479-3 0  9993,2 25544  51.6345 229.6983 0002384 324.3477  35.7352 15.50349436517583
2.0,GENERATED VIA SPACE-TRACK.ORG API,2025-07-02T15:06:20,18 SPCS,ISS (ZARYA),1998-067A,EARTH,TEME,UTC,SGP4,2025-07-02T11:26:21.627744,15.50345296,0.00023690,51.6344,231.2960,323.3310,36.7517,0,U,25544,999,51753,0.00012554000000,0.00006802,0.0000000000000,6793.854,92.883,417.329,414.110,PAYLOAD,LARGE,ISS,1998-11-20,TTMTR,,4773405,291417448,0 ISS (ZARYA),1 25544U 98067A   25183.47663921  .00006802  00000-0  12554-3 0  9993,2 25544  51.6344 231.2960 0002369 323.3310  36.7517 15.50345296517533
2.0,GENERATED VIA SPACE-TRACK.ORG API,2025-07-02T17:47:34,18 SPCS,ISS (ZARYA),1998-067A,EARTH,TEME,UTC,SGP4,2025-07-02T11:26:21.627744,15.50345296,0.00023690,51.6344,231.2960,323.3310,36.7517,0,U,25544,999,51753,0.00012554000000,0.00006802,0.0000000000000,6793.854,92.883,417.329,414.110,PAYLOAD,LARGE,ISS,1998-11-20,TTMTR,,4773459,291426001,0 ISS (ZARYA),1 25544U 98067A   25183.47663921  .00006802  00000-0  12554-3 0  9993,2 25544  51.6344 231.2960 0002369 323.3310  36.7517 15.50345296517533
2.0,GENERATED VIA SPACE-TRACK.ORG API,2025-07-02T06:06:22,18 SPCS,ISS (ZARYA),1998-067A,EARTH,TEME,UTC,SGP4,2025-07-02T04:07:00.053760,15.50326686,0.00021620,51.6357,232.8024,321.8485,134.2034,0,U,25544,999,51748,0.00010070000000,0.00005361,0.0000000000000,6793.908,92.884,417.242,414.305,PAYLOAD,LARGE,ISS,1998-11-20,TTMTR,,4772821,291403201,0 ISS (ZARYA),1 25544U 98067A   25183.17152840  .00005361  00000-0  10070-3 0  9993,2 25544  51.6357 232.8024 0002162 321.8485 134.2034 15.50326686517486
2.0,GENERATED VIA SPACE-TRACK.ORG API,2025-07-01T23:06:21,18 SPCS,ISS (ZARYA),1998-067A,EARTH,TEME,UTC,SGP4,2025-07-01T19:58:08.780448,15.50322094,0.00023520,51.6347,234.4916,318.4634,41.6176,0,U,25544,999,51743,0.00010743000000,0.00005749,0.0000000000000,6793.922,92.884,417.385,414.189,PAYLOAD,LARGE,ISS,1998-11-20,TTMTR,,4772772,291341150,0 ISS (ZARYA),1 25544U 98067A   25182.83204607  .00005749  00000-0  10743-3 0  9991,2 25544  51.6347 234.4916 0002352 318.4634  41.6176 15.50322094517434
2.0,GENERATED VIA SPACE-TRACK.ORG API,2025-07-02T02:08:41,18 SPCS,ISS (ZARYA),1998-067A,EARTH,TEME,UTC,SGP4,2025-07-01T19:58:08.780448,15.50322094,0.00023520,51.6347,234.4916,318.4634,41.6176,0,U,25544,999,51743,0.00010743000000,0.00005749,0.0000000000000,6793.922,92.884,417.385,414.189,PAYLOAD,LARGE,ISS,1998-11-20,TTMTR,,4772819,291349511,0 ISS (ZARYA),1 25544U 98067A   25182.83204607  .00005749  00000-0  10743-3 0  9991,2 25544  51.6347 234.4916 0002352 318.4634  41.6176 15.50322094517434
2.0,GENERATED VIA SPACE-TRACK.ORG API,2025-07-01T21:16:31,18 SPCS,ISS (ZARYA),1998-067A,EARTH,TEME,UTC,SGP4,2025-07-01T15:47:34.318176,15.50319280,0.00021620,51.6360,235.3486,320.4564,147.8083,0,U,25544,999,51740,0.00009641800000,0.00005112,0.0000000000000,6793.930,92.884,417.264,414.326,PAYLOAD,LARGE,ISS,1998-11-20,TTMTR,,4772472,291334374,0 ISS (ZARYA),1 25544U 98067A   25182.65803609  .00005112  00000-0  96418-4 0  9996,2 25544  51.6360 235.3486 0002162 320.4564 147.8083 15.50319280517401
2.0,GENERATED VIA SPACE-TRACK.ORG API,2025-07-01T14:46:55,18 SPCS,ISS (ZARYA),1998-067A,EARTH,TEME,UTC,SGP4,2025-07-01T14:27:46.735200,15.50319249,0.00020780,51.6362,235.6237,320.5297,198.2707,0,U,25544,999,51739,0.00009879500000,0.00005250,0.0000000000000,6793.930,92.884,417.207,414.383,PAYLOAD,LARGE,ISS,1998-11-20,TTMTR,,4772292,291300731,0 ISS (ZARYA),1 25544U 98067A   25182.60262425  .00005250  00000-0  98795-4 0  9999,2 25544  51.6362 235.6237 0002078 320.5297 198.2707 15.50319249517396
2.0,GENERATED VIA SPACE-TRACK.ORG API,2025-07-01T07:06:50,18 SPCS,ISS (ZARYA),1998-067A,EARTH,TEME,UTC,SGP4,2025-07-01T04:29:55.076064,15.50314091,0.00023310,51.6345,237.6869,315.1210,44.9590,0,U,25544,999,51733,0.00009753700000,0.00005176,0.0000000000000,6793.945,92.884,417.394,414.227,PAYLOAD,LARGE,ISS,1998-11-20,TTMTR,,4772067,291295497,0 ISS (ZARYA),1 25544U 98067A   25182.18744301  .00005176  00000-0  97537-4 0  9990,2 25544  51.6345 237.6869 0002331 315.1210  44.9590 15.50314091517338
2.0,GENERATED VIA SPACE-TRACK.ORG API,2025-06-30T21:16:43,18 SPCS,ISS (ZARYA),1998-067A,EARTH,TEME,UTC,SGP4,2025-06-30T20:38:53.999808,15.50312841,0.00020950,51.6365,239.3035,317.1043,16.2145,0,U,25544,999,51727,0.00010713000000,0.00005730,0.0000000000000,6793.949,92.884,417.237,414.391,PAYLOAD,LARGE,ISS,1998-11-20,TTMTR,,4771473,291220898,0 ISS (ZARYA),1 25544U 98067A   25181.86034722  .00005730  00000-0  10713-3 0  9999,2 25544  51.6365 239.3035 0002095 317.1043  16.2145 15.50312841517279
2.0,GENERATED VIA SPACE-TRACK.ORG API,2025-07-01T02:15:15,18 SPCS,ISS (ZARYA),1998-067A,EARTH,TEME,UTC,SGP4,2025-06-30T19:12:58.700160,15.50309575,0.00023170,51.6345,239.6041,313.2634,46.8161,0,U,25544,999,51727,0.00009213600000,0.00004863,0.0000000000000,6793.958,92.885,417.398,414.249,PAYLOAD,LARGE,ISS,1998-11-20,TTMTR,,4771813,291235785,0 ISS (ZARYA),1 25544U 98067A   25181.80067940  .00004863  00000-0  92136-4 0  9997,2 25544  51.6345 239.6041 0002317 313.2634  46.8161 15.50309575517274
2.0,GENERATED VIA SPACE-TRACK.ORG API,2025-06-30T17:36:16,18 SPCS,ISS (ZARYA),1998-067A,EARTH,TEME,UTC,SGP4,2025-06-30T14:59:32.292384,15.50310910,0.00020740,51.6367,240.4728,316.5314,140.6278,0,U,25544,999,51724,0.00011156000000,0.00005986,0.0000000000000,6793.955,92.885,417.229,414.411,PAYLOAD,LARGE,ISS,1998-11-20,TTMTR,,4771467,291220853,0 ISS (ZARYA),1 25544U 98067A   25181.62467931  .00005986  00000-0  11156-3 0  9990,2 25544  51.6367 240.4728 0002074 316.5314 140.6278 15.50310910517245
2.0,GENERATED VIA SPACE-TRACK.ORG API,2025-06-30T15:06:17,18 SPCS,ISS (ZARYA),1998-067A,EARTH,TEME,UTC,SGP4,2025-06-30T13:01:41.093472,15.50306257,0.00023160,51.6345,240.8823,311.9733,48.1059,0,U,25544,999,51723,0.00008822700000,0.00004637,0.0000000000000,6793.968,92.885,417.407,414.260,PAYLOAD,LARGE,ISS,1998-11-20,TTMTR,,4771372,291188606,0 ISS (ZARYA),1 25544U 98067A   25181.54283673  .00004637  00000-0  88227-4 0  9996,2 25544  51.6345 240.8823 0002316 311.9733  48.1059 15.50306257517231
2.0,GENERATED VIA SPACE-TRACK.ORG API,2025-06-30T17:29:02,18 SPCS,ISS (ZARYA),1998-067A,EARTH,TEME,UTC,SGP4,2025-06-30T13:01:41.093472,15.50306257,0.00023160,51.6345,240.8823,311.9733,48.1059,0,U,25544,999,51723,0.00008822700000,0.00004637,0.0000000000000,6793.968,92.885,417.407,414.260,PAYLOAD,LARGE,ISS,1998-11-20,TTMTR,,4771466,291197439,0 ISS (ZARYA),1 25544U 98067A   25181.54283673  .00004637  00000-0  88227-4 0  9996,2 25544  51.6345 240.8823 0002316 311.9733  48.1059 15.50306257517231
2.0,GENERATED VIA SPACE-TRACK.ORG API,2025-06-30T13:36:17,18 SPCS,ISS (ZARYA),1998-067A,EARTH,TEME,UTC,SGP4,2025-06-30T12:03:12.496608,15.50310306,0.00020250,51.6368,241.0803,315.1407,178.1533,0,U,25544,999,51722,0.00011614000000,0.00006250,0.0000000000000,6793.956,92.885,417.197,414.446,PAYLOAD,LARGE,ISS,1998-11-20,TTMTR,,4771126,291182229,0 ISS (ZARYA),1 25544U 98067A   25181.50222797  .00006250  00000-0  11614-3 0  9990,2 25544  51.6368 241.0803 0002025 315.1407 178.1533 15.50310306517228
2.0,GENERATED VIA SPACE-TRACK.ORG API,2025-06-30T06:56:28,18 SPCS,ISS (ZARYA),1998-067A,EARTH,TEME,UTC,SGP4,2025-06-30T03:44:44.606976,15.50302098,0.00022950,51.6344,242.7996,311.2029,48.8762,0,U,25544,999,51717,0.00008990700000,0.00004733,0.0000000000000,6793.980,92.885,417.405,414.286,PAYLOAD,LARGE,ISS,1998-11-20,TTMTR,,4771063,291180994,0 ISS (ZARYA),1 25544U 98067A   25181.15607184  .00004733  00000-0  89907-4 0  9993,2 25544  51.6344 242.7996 0002295 311.2029  48.8762 15.50302098517179
